[     493ms] [INFO] %cDownload the React DevTools for a better development experience: https://reactjs.org/link/react-devtools font-weight:bold @ http://localhost:5173/node_modules/.vite/deps/react-dom-DZQ9hRBr.js?v=0234295a:17230
[     577ms] [WARNING] ⚠️ React Router Future Flag Warning: React Router will begin wrapping state updates in `React.startTransition` in v7. You can use the `v7_startTransition` future flag to opt-in early. For more information, see https://reactrouter.com/v6/upgrading/future#v7_starttransition. @ http://localhost:5173/node_modules/.vite/deps/react-router-dom.js?v=0234295a:3613
[     578ms] [WARNING] ⚠️ React Router Future Flag Warning: Relative route resolution within Splat routes is changing in v7. You can use the `v7_relativeSplatPath` future flag to opt-in early. For more information, see https://reactrouter.com/v6/upgrading/future#v7_relativesplatpath. @ http://localhost:5173/node_modules/.vite/deps/react-router-dom.js?v=0234295a:3613
[  130803ms] [INFO] %cDownload the React DevTools for a better development experience: https://reactjs.org/link/react-devtools font-weight:bold @ http://localhost:5173/node_modules/.vite/deps/react-dom-DZQ9hRBr.js?v=0234295a:17230
[  130844ms] [WARNING] ⚠️ React Router Future Flag Warning: React Router will begin wrapping state updates in `React.startTransition` in v7. You can use the `v7_startTransition` future flag to opt-in early. For more information, see https://reactrouter.com/v6/upgrading/future#v7_starttransition. @ http://localhost:5173/node_modules/.vite/deps/react-router-dom.js?v=0234295a:3613
[  130844ms] [WARNING] ⚠️ React Router Future Flag Warning: Relative route resolution within Splat routes is changing in v7. You can use the `v7_relativeSplatPath` future flag to opt-in early. For more information, see https://reactrouter.com/v6/upgrading/future#v7_relativesplatpath. @ http://localhost:5173/node_modules/.vite/deps/react-router-dom.js?v=0234295a:3613
[  247870ms] [WARNING] You are trying to animate backgroundColor from "rgba(0, 0, 0, 0)" to "transparent". rgba(0, 0, 0, 0) is not an animatable value - to enable this animation set rgba(0, 0, 0, 0) to a value animatable to transparent via the `style` property. @ http://localhost:5173/node_modules/.vite/deps/framer-motion.js?v=0234295a:418
[  247871ms] [WARNING] You are trying to animate backgroundColor from "rgba(0, 0, 0, 0)" to "transparent". rgba(0, 0, 0, 0) is not an animatable value - to enable this animation set rgba(0, 0, 0, 0) to a value animatable to transparent via the `style` property. @ http://localhost:5173/node_modules/.vite/deps/framer-motion.js?v=0234295a:418
[  247871ms] [WARNING] You are trying to animate backgroundColor from "rgba(0, 0, 0, 0)" to "transparent". rgba(0, 0, 0, 0) is not an animatable value - to enable this animation set rgba(0, 0, 0, 0) to a value animatable to transparent via the `style` property. @ http://localhost:5173/node_modules/.vite/deps/framer-motion.js?v=0234295a:418
[  247872ms] [WARNING] You are trying to animate backgroundColor from "rgba(0, 0, 0, 0)" to "transparent". rgba(0, 0, 0, 0) is not an animatable value - to enable this animation set rgba(0, 0, 0, 0) to a value animatable to transparent via the `style` property. @ http://localhost:5173/node_modules/.vite/deps/framer-motion.js?v=0234295a:418
[  247874ms] [WARNING] Invalid keyframe value for property filter: blur(-0.11564px) @ http://localhost:5173/node_modules/.vite/deps/framer-motion.js?v=0234295a:4656
[  247874ms] [WARNING] Invalid keyframe value for property filter: blur(-0.28399px) @ http://localhost:5173/node_modules/.vite/deps/framer-motion.js?v=0234295a:4656
[  247874ms] [WARNING] Invalid keyframe value for property filter: blur(-0.42811px) @ http://localhost:5173/node_modules/.vite/deps/framer-motion.js?v=0234295a:4656
[  247874ms] [WARNING] Invalid keyframe value for property filter: blur(-0.54982px) @ http://localhost:5173/node_modules/.vite/deps/framer-motion.js?v=0234295a:4656
[  247875ms] [WARNING] Invalid keyframe value for property filter: blur(-0.65089px) @ http://localhost:5173/node_modules/.vite/deps/framer-motion.js?v=0234295a:4656
[  247875ms] [WARNING] Invalid keyframe value for property filter: blur(-0.73308px) @ http://localhost:5173/node_modules/.vite/deps/framer-motion.js?v=0234295a:4656
[  247875ms] [WARNING] Invalid keyframe value for property filter: blur(-0.79806px) @ http://localhost:5173/node_modules/.vite/deps/framer-motion.js?v=0234295a:4656
[  247875ms] [WARNING] Invalid keyframe value for property filter: blur(-0.84747px) @ http://localhost:5173/node_modules/.vite/deps/framer-motion.js?v=0234295a:4656
[  247875ms] [WARNING] Invalid keyframe value for property filter: blur(-0.88286px) @ http://localhost:5173/node_modules/.vite/deps/framer-motion.js?v=0234295a:4656
[  247875ms] [WARNING] Invalid keyframe value for property filter: blur(-0.90572px) @ http://localhost:5173/node_modules/.vite/deps/framer-motion.js?v=0234295a:4656
[  247876ms] [WARNING] Invalid keyframe value for property filter: blur(-0.91745px) @ http://localhost:5173/node_modules/.vite/deps/framer-motion.js?v=0234295a:4656
[  247876ms] [WARNING] Invalid keyframe value for property filter: blur(-0.91938px) @ http://localhost:5173/node_modules/.vite/deps/framer-motion.js?v=0234295a:4656
[  247876ms] [WARNING] Invalid keyframe value for property filter: blur(-0.91276px) @ http://localhost:5173/node_modules/.vite/deps/framer-motion.js?v=0234295a:4656
[  247876ms] [WARNING] Invalid keyframe value for property filter: blur(-0.89873px) @ http://localhost:5173/node_modules/.vite/deps/framer-motion.js?v=0234295a:4656
[  247876ms] [WARNING] Invalid keyframe value for property filter: blur(-0.87839px) @ http://localhost:5173/node_modules/.vite/deps/framer-motion.js?v=0234295a:4656
[  247876ms] [WARNING] Invalid keyframe value for property filter: blur(-0.85273px) @ http://localhost:5173/node_modules/.vite/deps/framer-motion.js?v=0234295a:4656
[  247876ms] [WARNING] Invalid keyframe value for property filter: blur(-0.82267px) @ http://localhost:5173/node_modules/.vite/deps/framer-motion.js?v=0234295a:4656
[  247876ms] [WARNING] Invalid keyframe value for property filter: blur(-0.78904px) @ http://localhost:5173/node_modules/.vite/deps/framer-motion.js?v=0234295a:4656
[  247876ms] [WARNING] Invalid keyframe value for property filter: blur(-0.7526px) @ http://localhost:5173/node_modules/.vite/deps/framer-motion.js?v=0234295a:4656
[  247876ms] [WARNING] Invalid keyframe value for property filter: blur(-0.71406px) @ http://localhost:5173/node_modules/.vite/deps/framer-motion.js?v=0234295a:4656
[  247876ms] [WARNING] Invalid keyframe value for property filter: blur(-0.67402px) @ http://localhost:5173/node_modules/.vite/deps/framer-motion.js?v=0234295a:4656
[  247877ms] [WARNING] Invalid keyframe value for property filter: blur(-0.63304px) @ http://localhost:5173/node_modules/.vite/deps/framer-motion.js?v=0234295a:4656
[  247877ms] [WARNING] Invalid keyframe value for property filter: blur(-0.59161px) @ http://localhost:5173/node_modules/.vite/deps/framer-motion.js?v=0234295a:4656
[  247877ms] [WARNING] Invalid keyframe value for property filter: blur(-0.55017px) @ http://localhost:5173/node_modules/.vite/deps/framer-motion.js?v=0234295a:4656
[  247877ms] [WARNING] Invalid keyframe value for property filter: blur(-0.50909px) @ http://localhost:5173/node_modules/.vite/deps/framer-motion.js?v=0234295a:4656
[  247877ms] [WARNING] Invalid keyframe value for property filter: blur(-0.4687px) @ http://localhost:5173/node_modules/.vite/deps/framer-motion.js?v=0234295a:4656
[  247878ms] [WARNING] Invalid keyframe value for property filter: blur(-0.42927px) @ http://localhost:5173/node_modules/.vite/deps/framer-motion.js?v=0234295a:4656
[  247878ms] [WARNING] Invalid keyframe value for property filter: blur(-0.39103px) @ http://localhost:5173/node_modules/.vite/deps/framer-motion.js?v=0234295a:4656
[  247878ms] [WARNING] Invalid keyframe value for property filter: blur(-0.35418px) @ http://localhost:5173/node_modules/.vite/deps/framer-motion.js?v=0234295a:4656
[  247878ms] [WARNING] Invalid keyframe value for property filter: blur(-0.31887px) @ http://localhost:5173/node_modules/.vite/deps/framer-motion.js?v=0234295a:4656
[  247878ms] [WARNING] Invalid keyframe value for property filter: blur(-0.28522px) @ http://localhost:5173/node_modules/.vite/deps/framer-motion.js?v=0234295a:4656
[  247879ms] [WARNING] Invalid keyframe value for property filter: blur(-0.25333px) @ http://localhost:5173/node_modules/.vite/deps/framer-motion.js?v=0234295a:4656
[  247879ms] [WARNING] Invalid keyframe value for property filter: blur(-0.22325px) @ http://localhost:5173/node_modules/.vite/deps/framer-motion.js?v=0234295a:4656
[  247879ms] [WARNING] Invalid keyframe value for property filter: blur(-0.19502px) @ http://localhost:5173/node_modules/.vite/deps/framer-motion.js?v=0234295a:4656
[  247879ms] [WARNING] Invalid keyframe value for property filter: blur(-0.16867px) @ http://localhost:5173/node_modules/.vite/deps/framer-motion.js?v=0234295a:4656
[  247880ms] [WARNING] Invalid keyframe value for property filter: blur(-0.14418px) @ http://localhost:5173/node_modules/.vite/deps/framer-motion.js?v=0234295a:4656
[  247880ms] [WARNING] Invalid keyframe value for property filter: blur(-0.12154px) @ http://localhost:5173/node_modules/.vite/deps/framer-motion.js?v=0234295a:4656
[  247880ms] [WARNING] Invalid keyframe value for property filter: blur(-0.10071px) @ http://localhost:5173/node_modules/.vite/deps/framer-motion.js?v=0234295a:4656
[  247880ms] [WARNING] Invalid keyframe value for property filter: blur(-0.08166px) @ http://localhost:5173/node_modules/.vite/deps/framer-motion.js?v=0234295a:4656
[  247880ms] [WARNING] Invalid keyframe value for property filter: blur(-0.06432px) @ http://localhost:5173/node_modules/.vite/deps/framer-motion.js?v=0234295a:4656
[  247880ms] [WARNING] Invalid keyframe value for property filter: blur(-0.04862px) @ http://localhost:5173/node_modules/.vite/deps/framer-motion.js?v=0234295a:4656
[  247880ms] [WARNING] Invalid keyframe value for property filter: blur(-0.03451px) @ http://localhost:5173/node_modules/.vite/deps/framer-motion.js?v=0234295a:4656
[  247880ms] [WARNING] Invalid keyframe value for property filter: blur(-0.02191px) @ http://localhost:5173/node_modules/.vite/deps/framer-motion.js?v=0234295a:4656
[  247881ms] [WARNING] Invalid keyframe value for property filter: blur(-0.01072px) @ http://localhost:5173/node_modules/.vite/deps/framer-motion.js?v=0234295a:4656
[  247881ms] [WARNING] Invalid keyframe value for property filter: blur(-0.00088px) @ http://localhost:5173/node_modules/.vite/deps/framer-motion.js?v=0234295a:4656
[  252006ms] [LOG] Initiating Firebase Google Auth... @ http://localhost:5173/src/pages/Register.tsx:59
[  254998ms] [LOG] Initiating Firebase Google Auth... @ http://localhost:5173/src/pages/Register.tsx:59
[  324018ms] [WARNING] You are trying to animate backgroundColor from "rgba(0, 0, 0, 0)" to "transparent". rgba(0, 0, 0, 0) is not an animatable value - to enable this animation set rgba(0, 0, 0, 0) to a value animatable to transparent via the `style` property. @ http://localhost:5173/node_modules/.vite/deps/framer-motion.js?v=0234295a:418
[  324019ms] [WARNING] You are trying to animate backgroundColor from "rgba(0, 0, 0, 0)" to "transparent". rgba(0, 0, 0, 0) is not an animatable value - to enable this animation set rgba(0, 0, 0, 0) to a value animatable to transparent via the `style` property. @ http://localhost:5173/node_modules/.vite/deps/framer-motion.js?v=0234295a:418
[  324019ms] [WARNING] You are trying to animate backgroundColor from "rgba(0, 0, 0, 0)" to "transparent". rgba(0, 0, 0, 0) is not an animatable value - to enable this animation set rgba(0, 0, 0, 0) to a value animatable to transparent via the `style` property. @ http://localhost:5173/node_modules/.vite/deps/framer-motion.js?v=0234295a:418
[  324019ms] [WARNING] You are trying to animate backgroundColor from "rgba(0, 0, 0, 0)" to "transparent". rgba(0, 0, 0, 0) is not an animatable value - to enable this animation set rgba(0, 0, 0, 0) to a value animatable to transparent via the `style` property. @ http://localhost:5173/node_modules/.vite/deps/framer-motion.js?v=0234295a:418
[  324020ms] [WARNING] Invalid keyframe value for property filter: blur(-0.11564px) @ http://localhost:5173/node_modules/.vite/deps/framer-motion.js?v=0234295a:4656
[  324021ms] [WARNING] Invalid keyframe value for property filter: blur(-0.28399px) @ http://localhost:5173/node_modules/.vite/deps/framer-motion.js?v=0234295a:4656
[  324021ms] [WARNING] Invalid keyframe value for property filter: blur(-0.42811px) @ http://localhost:5173/node_modules/.vite/deps/framer-motion.js?v=0234295a:4656
[  324021ms] [WARNING] Invalid keyframe value for property filter: blur(-0.54982px) @ http://localhost:5173/node_modules/.vite/deps/framer-motion.js?v=0234295a:4656
[  324021ms] [WARNING] Invalid keyframe value for property filter: blur(-0.65089px) @ http://localhost:5173/node_modules/.vite/deps/framer-motion.js?v=0234295a:4656
[  324021ms] [WARNING] Invalid keyframe value for property filter: blur(-0.73308px) @ http://localhost:5173/node_modules/.vite/deps/framer-motion.js?v=0234295a:4656
[  324021ms] [WARNING] Invalid keyframe value for property filter: blur(-0.79806px) @ http://localhost:5173/node_modules/.vite/deps/framer-motion.js?v=0234295a:4656
[  324021ms] [WARNING] Invalid keyframe value for property filter: blur(-0.84747px) @ http://localhost:5173/node_modules/.vite/deps/framer-motion.js?v=0234295a:4656
[  324022ms] [WARNING] Invalid keyframe value for property filter: blur(-0.88286px) @ http://localhost:5173/node_modules/.vite/deps/framer-motion.js?v=0234295a:4656
[  324022ms] [WARNING] Invalid keyframe value for property filter: blur(-0.90572px) @ http://localhost:5173/node_modules/.vite/deps/framer-motion.js?v=0234295a:4656
[  324022ms] [WARNING] Invalid keyframe value for property filter: blur(-0.91745px) @ http://localhost:5173/node_modules/.vite/deps/framer-motion.js?v=0234295a:4656
[  324022ms] [WARNING] Invalid keyframe value for property filter: blur(-0.91938px) @ http://localhost:5173/node_modules/.vite/deps/framer-motion.js?v=0234295a:4656
[  324022ms] [WARNING] Invalid keyframe value for property filter: blur(-0.91276px) @ http://localhost:5173/node_modules/.vite/deps/framer-motion.js?v=0234295a:4656
[  324023ms] [WARNING] Invalid keyframe value for property filter: blur(-0.89873px) @ http://localhost:5173/node_modules/.vite/deps/framer-motion.js?v=0234295a:4656
[  324023ms] [WARNING] Invalid keyframe value for property filter: blur(-0.87839px) @ http://localhost:5173/node_modules/.vite/deps/framer-motion.js?v=0234295a:4656
[  324023ms] [WARNING] Invalid keyframe value for property filter: blur(-0.85273px) @ http://localhost:5173/node_modules/.vite/deps/framer-motion.js?v=0234295a:4656
[  324023ms] [WARNING] Invalid keyframe value for property filter: blur(-0.82267px) @ http://localhost:5173/node_modules/.vite/deps/framer-motion.js?v=0234295a:4656
[  324024ms] [WARNING] Invalid keyframe value for property filter: blur(-0.78904px) @ http://localhost:5173/node_modules/.vite/deps/framer-motion.js?v=0234295a:4656
[  324024ms] [WARNING] Invalid keyframe value for property filter: blur(-0.7526px) @ http://localhost:5173/node_modules/.vite/deps/framer-motion.js?v=0234295a:4656
[  324024ms] [WARNING] Invalid keyframe value for property filter: blur(-0.71406px) @ http://localhost:5173/node_modules/.vite/deps/framer-motion.js?v=0234295a:4656
[  324024ms] [WARNING] Invalid keyframe value for property filter: blur(-0.67402px) @ http://localhost:5173/node_modules/.vite/deps/framer-motion.js?v=0234295a:4656
[  324024ms] [WARNING] Invalid keyframe value for property filter: blur(-0.63304px) @ http://localhost:5173/node_modules/.vite/deps/framer-motion.js?v=0234295a:4656
[  324025ms] [WARNING] Invalid keyframe value for property filter: blur(-0.59161px) @ http://localhost:5173/node_modules/.vite/deps/framer-motion.js?v=0234295a:4656
[  324025ms] [WARNING] Invalid keyframe value for property filter: blur(-0.55017px) @ http://localhost:5173/node_modules/.vite/deps/framer-motion.js?v=0234295a:4656
[  324025ms] [WARNING] Invalid keyframe value for property filter: blur(-0.50909px) @ http://localhost:5173/node_modules/.vite/deps/framer-motion.js?v=0234295a:4656
[  324025ms] [WARNING] Invalid keyframe value for property filter: blur(-0.4687px) @ http://localhost:5173/node_modules/.vite/deps/framer-motion.js?v=0234295a:4656
[  324025ms] [WARNING] Invalid keyframe value for property filter: blur(-0.42927px) @ http://localhost:5173/node_modules/.vite/deps/framer-motion.js?v=0234295a:4656
[  324025ms] [WARNING] Invalid keyframe value for property filter: blur(-0.39103px) @ http://localhost:5173/node_modules/.vite/deps/framer-motion.js?v=0234295a:4656
[  324026ms] [WARNING] Invalid keyframe value for property filter: blur(-0.35418px) @ http://localhost:5173/node_modules/.vite/deps/framer-motion.js?v=0234295a:4656
[  324026ms] [WARNING] Invalid keyframe value for property filter: blur(-0.31887px) @ http://localhost:5173/node_modules/.vite/deps/framer-motion.js?v=0234295a:4656
[  324026ms] [WARNING] Invalid keyframe value for property filter: blur(-0.28522px) @ http://localhost:5173/node_modules/.vite/deps/framer-motion.js?v=0234295a:4656
[  324026ms] [WARNING] Invalid keyframe value for property filter: blur(-0.25333px) @ http://localhost:5173/node_modules/.vite/deps/framer-motion.js?v=0234295a:4656
[  324026ms] [WARNING] Invalid keyframe value for property filter: blur(-0.22325px) @ http://localhost:5173/node_modules/.vite/deps/framer-motion.js?v=0234295a:4656
[  324026ms] [WARNING] Invalid keyframe value for property filter: blur(-0.19502px) @ http://localhost:5173/node_modules/.vite/deps/framer-motion.js?v=0234295a:4656
[  324027ms] [WARNING] Invalid keyframe value for property filter: blur(-0.16867px) @ http://localhost:5173/node_modules/.vite/deps/framer-motion.js?v=0234295a:4656
[  324027ms] [WARNING] Invalid keyframe value for property filter: blur(-0.14418px) @ http://localhost:5173/node_modules/.vite/deps/framer-motion.js?v=0234295a:4656
[  324027ms] [WARNING] Invalid keyframe value for property filter: blur(-0.12154px) @ http://localhost:5173/node_modules/.vite/deps/framer-motion.js?v=0234295a:4656
[  324027ms] [WARNING] Invalid keyframe value for property filter: blur(-0.10071px) @ http://localhost:5173/node_modules/.vite/deps/framer-motion.js?v=0234295a:4656
[  324027ms] [WARNING] Invalid keyframe value for property filter: blur(-0.08166px) @ http://localhost:5173/node_modules/.vite/deps/framer-motion.js?v=0234295a:4656
[  324027ms] [WARNING] Invalid keyframe value for property filter: blur(-0.06432px) @ http://localhost:5173/node_modules/.vite/deps/framer-motion.js?v=0234295a:4656
[  324027ms] [WARNING] Invalid keyframe value for property filter: blur(-0.04862px) @ http://localhost:5173/node_modules/.vite/deps/framer-motion.js?v=0234295a:4656
[  324028ms] [WARNING] Invalid keyframe value for property filter: blur(-0.03451px) @ http://localhost:5173/node_modules/.vite/deps/framer-motion.js?v=0234295a:4656
[  324028ms] [WARNING] Invalid keyframe value for property filter: blur(-0.02191px) @ http://localhost:5173/node_modules/.vite/deps/framer-motion.js?v=0234295a:4656
[  324028ms] [WARNING] Invalid keyframe value for property filter: blur(-0.01072px) @ http://localhost:5173/node_modules/.vite/deps/framer-motion.js?v=0234295a:4656
[  324028ms] [WARNING] Invalid keyframe value for property filter: blur(-0.00088px) @ http://localhost:5173/node_modules/.vite/deps/framer-motion.js?v=0234295a:4656
[  329797ms] [WARNING] You are trying to animate backgroundColor from "rgba(99, 102, 241, 0.15)" to "transparent". rgba(99, 102, 241, 0.15) is not an animatable value - to enable this animation set rgba(99, 102, 241, 0.15) to a value animatable to transparent via the `style` property. @ http://localhost:5173/node_modules/.vite/deps/framer-motion.js?v=0234295a:418
[  329798ms] [WARNING] You are trying to animate backgroundColor from "transparent" to "rgba(99, 102, 241, 0.15)". transparent is not an animatable value - to enable this animation set transparent to a value animatable to rgba(99, 102, 241, 0.15) via the `style` property. @ http://localhost:5173/node_modules/.vite/deps/framer-motion.js?v=0234295a:418
[  332842ms] [WARNING] You are trying to animate backgroundColor from "transparent" to "rgba(99, 102, 241, 0.15)". transparent is not an animatable value - to enable this animation set transparent to a value animatable to rgba(99, 102, 241, 0.15) via the `style` property. @ http://localhost:5173/node_modules/.vite/deps/framer-motion.js?v=0234295a:418
[  332843ms] [WARNING] You are trying to animate backgroundColor from "rgba(99, 102, 241, 0.15)" to "transparent". rgba(99, 102, 241, 0.15) is not an animatable value - to enable this animation set rgba(99, 102, 241, 0.15) to a value animatable to transparent via the `style` property. @ http://localhost:5173/node_modules/.vite/deps/framer-motion.js?v=0234295a:418
[  332844ms] [WARNING] You are trying to animate backgroundColor from "transparent" to "rgba(99, 102, 241, 0.15)". transparent is not an animatable value - to enable this animation set transparent to a value animatable to rgba(99, 102, 241, 0.15) via the `style` property. @ http://localhost:5173/node_modules/.vite/deps/framer-motion.js?v=0234295a:418
[  336906ms] [WARNING] You are trying to animate backgroundColor from "rgba(99, 102, 241, 0.15)" to "transparent". rgba(99, 102, 241, 0.15) is not an animatable value - to enable this animation set rgba(99, 102, 241, 0.15) to a value animatable to transparent via the `style` property. @ http://localhost:5173/node_modules/.vite/deps/framer-motion.js?v=0234295a:418
[  336906ms] [WARNING] You are trying to animate backgroundColor from "rgba(99, 102, 241, 0.15)" to "transparent". rgba(99, 102, 241, 0.15) is not an animatable value - to enable this animation set rgba(99, 102, 241, 0.15) to a value animatable to transparent via the `style` property. @ http://localhost:5173/node_modules/.vite/deps/framer-motion.js?v=0234295a:418
[  336907ms] [WARNING] You are trying to animate backgroundColor from "transparent" to "rgba(99, 102, 241, 0.15)". transparent is not an animatable value - to enable this animation set transparent to a value animatable to rgba(99, 102, 241, 0.15) via the `style` property. @ http://localhost:5173/node_modules/.vite/deps/framer-motion.js?v=0234295a:418
[  343006ms] [WARNING] You are trying to animate backgroundColor from "rgba(99, 102, 241, 0.15)" to "transparent". rgba(99, 102, 241, 0.15) is not an animatable value - to enable this animation set rgba(99, 102, 241, 0.15) to a value animatable to transparent via the `style` property. @ http://localhost:5173/node_modules/.vite/deps/framer-motion.js?v=0234295a:418
[  347065ms] [WARNING] You are trying to animate backgroundColor from "transparent" to "rgba(99, 102, 241, 0.15)". transparent is not an animatable value - to enable this animation set transparent to a value animatable to rgba(99, 102, 241, 0.15) via the `style` property. @ http://localhost:5173/node_modules/.vite/deps/framer-motion.js?v=0234295a:418
[  352142ms] [WARNING] You are trying to animate backgroundColor from "rgba(99, 102, 241, 0.15)" to "transparent". rgba(99, 102, 241, 0.15) is not an animatable value - to enable this animation set rgba(99, 102, 241, 0.15) to a value animatable to transparent via the `style` property. @ http://localhost:5173/node_modules/.vite/deps/framer-motion.js?v=0234295a:418
[  352144ms] [WARNING] You are trying to animate backgroundColor from "transparent" to "rgba(99, 102, 241, 0.15)". transparent is not an animatable value - to enable this animation set transparent to a value animatable to rgba(99, 102, 241, 0.15) via the `style` property. @ http://localhost:5173/node_modules/.vite/deps/framer-motion.js?v=0234295a:418
[  355190ms] [WARNING] You are trying to animate backgroundColor from "transparent" to "rgba(99, 102, 241, 0.15)". transparent is not an animatable value - to enable this animation set transparent to a value animatable to rgba(99, 102, 241, 0.15) via the `style` property. @ http://localhost:5173/node_modules/.vite/deps/framer-motion.js?v=0234295a:418
[  355191ms] [WARNING] You are trying to animate backgroundColor from "rgba(99, 102, 241, 0.15)" to "transparent". rgba(99, 102, 241, 0.15) is not an animatable value - to enable this animation set rgba(99, 102, 241, 0.15) to a value animatable to transparent via the `style` property. @ http://localhost:5173/node_modules/.vite/deps/framer-motion.js?v=0234295a:418
[  355192ms] [WARNING] You are trying to animate backgroundColor from "transparent" to "rgba(99, 102, 241, 0.15)". transparent is not an animatable value - to enable this animation set transparent to a value animatable to rgba(99, 102, 241, 0.15) via the `style` property. @ http://localhost:5173/node_modules/.vite/deps/framer-motion.js?v=0234295a:418
[  359289ms] [WARNING] You are trying to animate backgroundColor from "rgba(99, 102, 241, 0.15)" to "transparent". rgba(99, 102, 241, 0.15) is not an animatable value - to enable this animation set rgba(99, 102, 241, 0.15) to a value animatable to transparent via the `style` property. @ http://localhost:5173/node_modules/.vite/deps/framer-motion.js?v=0234295a:418
[  359293ms] [WARNING] You are trying to animate backgroundColor from "rgba(99, 102, 241, 0.15)" to "transparent". rgba(99, 102, 241, 0.15) is not an animatable value - to enable this animation set rgba(99, 102, 241, 0.15) to a value animatable to transparent via the `style` property. @ http://localhost:5173/node_modules/.vite/deps/framer-motion.js?v=0234295a:418
[  359411ms] [WARNING] You are trying to animate backgroundColor from "transparent" to "rgba(99, 102, 241, 0.15)". transparent is not an animatable value - to enable this animation set transparent to a value animatable to rgba(99, 102, 241, 0.15) via the `style` property. @ http://localhost:5173/node_modules/.vite/deps/framer-motion.js?v=0234295a:418
[  365350ms] [WARNING] You are trying to animate backgroundColor from "rgba(99, 102, 241, 0.15)" to "transparent". rgba(99, 102, 241, 0.15) is not an animatable value - to enable this animation set rgba(99, 102, 241, 0.15) to a value animatable to transparent via the `style` property. @ http://localhost:5173/node_modules/.vite/deps/framer-motion.js?v=0234295a:418
[  369409ms] [WARNING] You are trying to animate backgroundColor from "transparent" to "rgba(99, 102, 241, 0.15)". transparent is not an animatable value - to enable this animation set transparent to a value animatable to rgba(99, 102, 241, 0.15) via the `style` property. @ http://localhost:5173/node_modules/.vite/deps/framer-motion.js?v=0234295a:418
[  374487ms] [WARNING] You are trying to animate backgroundColor from "rgba(99, 102, 241, 0.15)" to "transparent". rgba(99, 102, 241, 0.15) is not an animatable value - to enable this animation set rgba(99, 102, 241, 0.15) to a value animatable to transparent via the `style` property. @ http://localhost:5173/node_modules/.vite/deps/framer-motion.js?v=0234295a:418
[  374489ms] [WARNING] You are trying to animate backgroundColor from "transparent" to "rgba(99, 102, 241, 0.15)". transparent is not an animatable value - to enable this animation set transparent to a value animatable to rgba(99, 102, 241, 0.15) via the `style` property. @ http://localhost:5173/node_modules/.vite/deps/framer-motion.js?v=0234295a:418
[  377535ms] [WARNING] You are trying to animate backgroundColor from "transparent" to "rgba(99, 102, 241, 0.15)". transparent is not an animatable value - to enable this animation set transparent to a value animatable to rgba(99, 102, 241, 0.15) via the `style` property. @ http://localhost:5173/node_modules/.vite/deps/framer-motion.js?v=0234295a:418
[  377536ms] [WARNING] You are trying to animate backgroundColor from "rgba(99, 102, 241, 0.15)" to "transparent". rgba(99, 102, 241, 0.15) is not an animatable value - to enable this animation set rgba(99, 102, 241, 0.15) to a value animatable to transparent via the `style` property. @ http://localhost:5173/node_modules/.vite/deps/framer-motion.js?v=0234295a:418
[  377538ms] [WARNING] You are trying to animate backgroundColor from "transparent" to "rgba(99, 102, 241, 0.15)". transparent is not an animatable value - to enable this animation set transparent to a value animatable to rgba(99, 102, 241, 0.15) via the `style` property. @ http://localhost:5173/node_modules/.vite/deps/framer-motion.js?v=0234295a:418
[  381600ms] [WARNING] You are trying to animate backgroundColor from "rgba(99, 102, 241, 0.15)" to "transparent". rgba(99, 102, 241, 0.15) is not an animatable value - to enable this animation set rgba(99, 102, 241, 0.15) to a value animatable to transparent via the `style` property. @ http://localhost:5173/node_modules/.vite/deps/framer-motion.js?v=0234295a:418
[  381601ms] [WARNING] You are trying to animate backgroundColor from "rgba(99, 102, 241, 0.15)" to "transparent". rgba(99, 102, 241, 0.15) is not an animatable value - to enable this animation set rgba(99, 102, 241, 0.15) to a value animatable to transparent via the `style` property. @ http://localhost:5173/node_modules/.vite/deps/framer-motion.js?v=0234295a:418
[  381602ms] [WARNING] You are trying to animate backgroundColor from "transparent" to "rgba(99, 102, 241, 0.15)". transparent is not an animatable value - to enable this animation set transparent to a value animatable to rgba(99, 102, 241, 0.15) via the `style` property. @ http://localhost:5173/node_modules/.vite/deps/framer-motion.js?v=0234295a:418
[  388708ms] [WARNING] You are trying to animate backgroundColor from "rgba(99, 102, 241, 0.15)" to "transparent". rgba(99, 102, 241, 0.15) is not an animatable value - to enable this animation set rgba(99, 102, 241, 0.15) to a value animatable to transparent via the `style` property. @ http://localhost:5173/node_modules/.vite/deps/framer-motion.js?v=0234295a:418
[  392771ms] [WARNING] You are trying to animate backgroundColor from "transparent" to "rgba(99, 102, 241, 0.15)". transparent is not an animatable value - to enable this animation set transparent to a value animatable to rgba(99, 102, 241, 0.15) via the `style` property. @ http://localhost:5173/node_modules/.vite/deps/framer-motion.js?v=0234295a:418
[  397851ms] [WARNING] You are trying to animate backgroundColor from "rgba(99, 102, 241, 0.15)" to "transparent". rgba(99, 102, 241, 0.15) is not an animatable value - to enable this animation set rgba(99, 102, 241, 0.15) to a value animatable to transparent via the `style` property. @ http://localhost:5173/node_modules/.vite/deps/framer-motion.js?v=0234295a:418
[  397854ms] [WARNING] You are trying to animate backgroundColor from "transparent" to "rgba(99, 102, 241, 0.15)". transparent is not an animatable value - to enable this animation set transparent to a value animatable to rgba(99, 102, 241, 0.15) via the `style` property. @ http://localhost:5173/node_modules/.vite/deps/framer-motion.js?v=0234295a:418
[  400896ms] [WARNING] You are trying to animate backgroundColor from "transparent" to "rgba(99, 102, 241, 0.15)". transparent is not an animatable value - to enable this animation set transparent to a value animatable to rgba(99, 102, 241, 0.15) via the `style` property. @ http://localhost:5173/node_modules/.vite/deps/framer-motion.js?v=0234295a:418
[  400899ms] [WARNING] You are trying to animate backgroundColor from "rgba(99, 102, 241, 0.15)" to "transparent". rgba(99, 102, 241, 0.15) is not an animatable value - to enable this animation set rgba(99, 102, 241, 0.15) to a value animatable to transparent via the `style` property. @ http://localhost:5173/node_modules/.vite/deps/framer-motion.js?v=0234295a:418
[  400903ms] [WARNING] You are trying to animate backgroundColor from "transparent" to "rgba(99, 102, 241, 0.15)". transparent is not an animatable value - to enable this animation set transparent to a value animatable to rgba(99, 102, 241, 0.15) via the `style` property. @ http://localhost:5173/node_modules/.vite/deps/framer-motion.js?v=0234295a:418
[  404959ms] [WARNING] You are trying to animate backgroundColor from "rgba(99, 102, 241, 0.15)" to "transparent". rgba(99, 102, 241, 0.15) is not an animatable value - to enable this animation set rgba(99, 102, 241, 0.15) to a value animatable to transparent via the `style` property. @ http://localhost:5173/node_modules/.vite/deps/framer-motion.js?v=0234295a:418
[  404961ms] [WARNING] You are trying to animate backgroundColor from "rgba(99, 102, 241, 0.15)" to "transparent". rgba(99, 102, 241, 0.15) is not an animatable value - to enable this animation set rgba(99, 102, 241, 0.15) to a value animatable to transparent via the `style` property. @ http://localhost:5173/node_modules/.vite/deps/framer-motion.js?v=0234295a:418
[  404961ms] [WARNING] You are trying to animate backgroundColor from "transparent" to "rgba(99, 102, 241, 0.15)". transparent is not an animatable value - to enable this animation set transparent to a value animatable to rgba(99, 102, 241, 0.15) via the `style` property. @ http://localhost:5173/node_modules/.vite/deps/framer-motion.js?v=0234295a:418
[  411054ms] [WARNING] You are trying to animate backgroundColor from "rgba(99, 102, 241, 0.15)" to "transparent". rgba(99, 102, 241, 0.15) is not an animatable value - to enable this animation set rgba(99, 102, 241, 0.15) to a value animatable to transparent via the `style` property. @ http://localhost:5173/node_modules/.vite/deps/framer-motion.js?v=0234295a:418
[  415117ms] [WARNING] You are trying to animate backgroundColor from "transparent" to "rgba(99, 102, 241, 0.15)". transparent is not an animatable value - to enable this animation set transparent to a value animatable to rgba(99, 102, 241, 0.15) via the `style` property. @ http://localhost:5173/node_modules/.vite/deps/framer-motion.js?v=0234295a:418
[  420194ms] [WARNING] You are trying to animate backgroundColor from "rgba(99, 102, 241, 0.15)" to "transparent". rgba(99, 102, 241, 0.15) is not an animatable value - to enable this animation set rgba(99, 102, 241, 0.15) to a value animatable to transparent via the `style` property. @ http://localhost:5173/node_modules/.vite/deps/framer-motion.js?v=0234295a:418
[  420195ms] [WARNING] You are trying to animate backgroundColor from "transparent" to "rgba(99, 102, 241, 0.15)". transparent is not an animatable value - to enable this animation set transparent to a value animatable to rgba(99, 102, 241, 0.15) via the `style` property. @ http://localhost:5173/node_modules/.vite/deps/framer-motion.js?v=0234295a:418
[  423243ms] [WARNING] You are trying to animate backgroundColor from "transparent" to "rgba(99, 102, 241, 0.15)". transparent is not an animatable value - to enable this animation set transparent to a value animatable to rgba(99, 102, 241, 0.15) via the `style` property. @ http://localhost:5173/node_modules/.vite/deps/framer-motion.js?v=0234295a:418
[  423244ms] [WARNING] You are trying to animate backgroundColor from "rgba(99, 102, 241, 0.15)" to "transparent". rgba(99, 102, 241, 0.15) is not an animatable value - to enable this animation set rgba(99, 102, 241, 0.15) to a value animatable to transparent via the `style` property. @ http://localhost:5173/node_modules/.vite/deps/framer-motion.js?v=0234295a:418
[  423246ms] [WARNING] You are trying to animate backgroundColor from "transparent" to "rgba(99, 102, 241, 0.15)". transparent is not an animatable value - to enable this animation set transparent to a value animatable to rgba(99, 102, 241, 0.15) via the `style` property. @ http://localhost:5173/node_modules/.vite/deps/framer-motion.js?v=0234295a:418
[  427303ms] [WARNING] You are trying to animate backgroundColor from "rgba(99, 102, 241, 0.15)" to "transparent". rgba(99, 102, 241, 0.15) is not an animatable value - to enable this animation set rgba(99, 102, 241, 0.15) to a value animatable to transparent via the `style` property. @ http://localhost:5173/node_modules/.vite/deps/framer-motion.js?v=0234295a:418
[  427304ms] [WARNING] You are trying to animate backgroundColor from "rgba(99, 102, 241, 0.15)" to "transparent". rgba(99, 102, 241, 0.15) is not an animatable value - to enable this animation set rgba(99, 102, 241, 0.15) to a value animatable to transparent via the `style` property. @ http://localhost:5173/node_modules/.vite/deps/framer-motion.js?v=0234295a:418
[  427305ms] [WARNING] You are trying to animate backgroundColor from "transparent" to "rgba(99, 102, 241, 0.15)". transparent is not an animatable value - to enable this animation set transparent to a value animatable to rgba(99, 102, 241, 0.15) via the `style` property. @ http://localhost:5173/node_modules/.vite/deps/framer-motion.js?v=0234295a:418
[  434415ms] [WARNING] You are trying to animate backgroundColor from "rgba(99, 102, 241, 0.15)" to "transparent". rgba(99, 102, 241, 0.15) is not an animatable value - to enable this animation set rgba(99, 102, 241, 0.15) to a value animatable to transparent via the `style` property. @ http://localhost:5173/node_modules/.vite/deps/framer-motion.js?v=0234295a:418
[  438480ms] [WARNING] You are trying to animate backgroundColor from "transparent" to "rgba(99, 102, 241, 0.15)". transparent is not an animatable value - to enable this animation set transparent to a value animatable to rgba(99, 102, 241, 0.15) via the `style` property. @ http://localhost:5173/node_modules/.vite/deps/framer-motion.js?v=0234295a:418
[  443564ms] [WARNING] You are trying to animate backgroundColor from "rgba(99, 102, 241, 0.15)" to "transparent". rgba(99, 102, 241, 0.15) is not an animatable value - to enable this animation set rgba(99, 102, 241, 0.15) to a value animatable to transparent via the `style` property. @ http://localhost:5173/node_modules/.vite/deps/framer-motion.js?v=0234295a:418
[  443566ms] [WARNING] You are trying to animate backgroundColor from "transparent" to "rgba(99, 102, 241, 0.15)". transparent is not an animatable value - to enable this animation set transparent to a value animatable to rgba(99, 102, 241, 0.15) via the `style` property. @ http://localhost:5173/node_modules/.vite/deps/framer-motion.js?v=0234295a:418
[  446611ms] [WARNING] You are trying to animate backgroundColor from "transparent" to "rgba(99, 102, 241, 0.15)". transparent is not an animatable value - to enable this animation set transparent to a value animatable to rgba(99, 102, 241, 0.15) via the `style` property. @ http://localhost:5173/node_modules/.vite/deps/framer-motion.js?v=0234295a:418
[  446612ms] [WARNING] You are trying to animate backgroundColor from "rgba(99, 102, 241, 0.15)" to "transparent". rgba(99, 102, 241, 0.15) is not an animatable value - to enable this animation set rgba(99, 102, 241, 0.15) to a value animatable to transparent via the `style` property. @ http://localhost:5173/node_modules/.vite/deps/framer-motion.js?v=0234295a:418
[  446614ms] [WARNING] You are trying to animate backgroundColor from "transparent" to "rgba(99, 102, 241, 0.15)". transparent is not an animatable value - to enable this animation set transparent to a value animatable to rgba(99, 102, 241, 0.15) via the `style` property. @ http://localhost:5173/node_modules/.vite/deps/framer-motion.js?v=0234295a:418
[  449649ms] [WARNING] You are trying to animate backgroundColor from "rgba(99, 102, 241, 0.15)" to "transparent". rgba(99, 102, 241, 0.15) is not an animatable value - to enable this animation set rgba(99, 102, 241, 0.15) to a value animatable to transparent via the `style` property. @ http://localhost:5173/node_modules/.vite/deps/framer-motion.js?v=0234295a:418
[  449650ms] [WARNING] You are trying to animate backgroundColor from "rgba(99, 102, 241, 0.15)" to "transparent". rgba(99, 102, 241, 0.15) is not an animatable value - to enable this animation set rgba(99, 102, 241, 0.15) to a value animatable to transparent via the `style` property. @ http://localhost:5173/node_modules/.vite/deps/framer-motion.js?v=0234295a:418
[  449651ms] [WARNING] You are trying to animate backgroundColor from "transparent" to "rgba(99, 102, 241, 0.15)". transparent is not an animatable value - to enable this animation set transparent to a value animatable to rgba(99, 102, 241, 0.15) via the `style` property. @ http://localhost:5173/node_modules/.vite/deps/framer-motion.js?v=0234295a:418
[  456760ms] [WARNING] You are trying to animate backgroundColor from "rgba(99, 102, 241, 0.15)" to "transparent". rgba(99, 102, 241, 0.15) is not an animatable value - to enable this animation set rgba(99, 102, 241, 0.15) to a value animatable to transparent via the `style` property. @ http://localhost:5173/node_modules/.vite/deps/framer-motion.js?v=0234295a:418
[  460855ms] [WARNING] You are trying to animate backgroundColor from "transparent" to "rgba(99, 102, 241, 0.15)". transparent is not an animatable value - to enable this animation set transparent to a value animatable to rgba(99, 102, 241, 0.15) via the `style` property. @ http://localhost:5173/node_modules/.vite/deps/framer-motion.js?v=0234295a:418
[  465900ms] [WARNING] You are trying to animate backgroundColor from "rgba(99, 102, 241, 0.15)" to "transparent". rgba(99, 102, 241, 0.15) is not an animatable value - to enable this animation set rgba(99, 102, 241, 0.15) to a value animatable to transparent via the `style` property. @ http://localhost:5173/node_modules/.vite/deps/framer-motion.js?v=0234295a:418
[  465901ms] [WARNING] You are trying to animate backgroundColor from "transparent" to "rgba(99, 102, 241, 0.15)". transparent is not an animatable value - to enable this animation set transparent to a value animatable to rgba(99, 102, 241, 0.15) via the `style` property. @ http://localhost:5173/node_modules/.vite/deps/framer-motion.js?v=0234295a:418
[  468955ms] [WARNING] You are trying to animate backgroundColor from "transparent" to "rgba(99, 102, 241, 0.15)". transparent is not an animatable value - to enable this animation set transparent to a value animatable to rgba(99, 102, 241, 0.15) via the `style` property. @ http://localhost:5173/node_modules/.vite/deps/framer-motion.js?v=0234295a:418
[  468956ms] [WARNING] You are trying to animate backgroundColor from "rgba(99, 102, 241, 0.15)" to "transparent". rgba(99, 102, 241, 0.15) is not an animatable value - to enable this animation set rgba(99, 102, 241, 0.15) to a value animatable to transparent via the `style` property. @ http://localhost:5173/node_modules/.vite/deps/framer-motion.js?v=0234295a:418
[  469063ms] [WARNING] You are trying to animate backgroundColor from "transparent" to "rgba(99, 102, 241, 0.15)". transparent is not an animatable value - to enable this animation set transparent to a value animatable to rgba(99, 102, 241, 0.15) via the `style` property. @ http://localhost:5173/node_modules/.vite/deps/framer-motion.js?v=0234295a:418
[  473012ms] [WARNING] You are trying to animate backgroundColor from "rgba(99, 102, 241, 0.15)" to "transparent". rgba(99, 102, 241, 0.15) is not an animatable value - to enable this animation set rgba(99, 102, 241, 0.15) to a value animatable to transparent via the `style` property. @ http://localhost:5173/node_modules/.vite/deps/framer-motion.js?v=0234295a:418
[  473014ms] [WARNING] You are trying to animate backgroundColor from "rgba(99, 102, 241, 0.15)" to "transparent". rgba(99, 102, 241, 0.15) is not an animatable value - to enable this animation set rgba(99, 102, 241, 0.15) to a value animatable to transparent via the `style` property. @ http://localhost:5173/node_modules/.vite/deps/framer-motion.js?v=0234295a:418
[  473015ms] [WARNING] You are trying to animate backgroundColor from "transparent" to "rgba(99, 102, 241, 0.15)". transparent is not an animatable value - to enable this animation set transparent to a value animatable to rgba(99, 102, 241, 0.15) via the `style` property. @ http://localhost:5173/node_modules/.vite/deps/framer-motion.js?v=0234295a:418
[  479107ms] [WARNING] You are trying to animate backgroundColor from "rgba(99, 102, 241, 0.15)" to "transparent". rgba(99, 102, 241, 0.15) is not an animatable value - to enable this animation set rgba(99, 102, 241, 0.15) to a value animatable to transparent via the `style` property. @ http://localhost:5173/node_modules/.vite/deps/framer-motion.js?v=0234295a:418
[  483243ms] [WARNING] You are trying to animate backgroundColor from "transparent" to "rgba(99, 102, 241, 0.15)". transparent is not an animatable value - to enable this animation set transparent to a value animatable to rgba(99, 102, 241, 0.15) via the `style` property. @ http://localhost:5173/node_modules/.vite/deps/framer-motion.js?v=0234295a:418
[  488247ms] [WARNING] You are trying to animate backgroundColor from "rgba(99, 102, 241, 0.15)" to "transparent". rgba(99, 102, 241, 0.15) is not an animatable value - to enable this animation set rgba(99, 102, 241, 0.15) to a value animatable to transparent via the `style` property. @ http://localhost:5173/node_modules/.vite/deps/framer-motion.js?v=0234295a:418
[  488247ms] [WARNING] You are trying to animate backgroundColor from "transparent" to "rgba(99, 102, 241, 0.15)". transparent is not an animatable value - to enable this animation set transparent to a value animatable to rgba(99, 102, 241, 0.15) via the `style` property. @ http://localhost:5173/node_modules/.vite/deps/framer-motion.js?v=0234295a:418
[  491294ms] [WARNING] You are trying to animate backgroundColor from "transparent" to "rgba(99, 102, 241, 0.15)". transparent is not an animatable value - to enable this animation set transparent to a value animatable to rgba(99, 102, 241, 0.15) via the `style` property. @ http://localhost:5173/node_modules/.vite/deps/framer-motion.js?v=0234295a:418
[  491296ms] [WARNING] You are trying to animate backgroundColor from "rgba(99, 102, 241, 0.15)" to "transparent". rgba(99, 102, 241, 0.15) is not an animatable value - to enable this animation set rgba(99, 102, 241, 0.15) to a value animatable to transparent via the `style` property. @ http://localhost:5173/node_modules/.vite/deps/framer-motion.js?v=0234295a:418
[  491296ms] [WARNING] You are trying to animate backgroundColor from "transparent" to "rgba(99, 102, 241, 0.15)". transparent is not an animatable value - to enable this animation set transparent to a value animatable to rgba(99, 102, 241, 0.15) via the `style` property. @ http://localhost:5173/node_modules/.vite/deps/framer-motion.js?v=0234295a:418
[  495358ms] [WARNING] You are trying to animate backgroundColor from "rgba(99, 102, 241, 0.15)" to "transparent". rgba(99, 102, 241, 0.15) is not an animatable value - to enable this animation set rgba(99, 102, 241, 0.15) to a value animatable to transparent via the `style` property. @ http://localhost:5173/node_modules/.vite/deps/framer-motion.js?v=0234295a:418
[  495359ms] [WARNING] You are trying to animate backgroundColor from "rgba(99, 102, 241, 0.15)" to "transparent". rgba(99, 102, 241, 0.15) is not an animatable value - to enable this animation set rgba(99, 102, 241, 0.15) to a value animatable to transparent via the `style` property. @ http://localhost:5173/node_modules/.vite/deps/framer-motion.js?v=0234295a:418
[  495362ms] [WARNING] You are trying to animate backgroundColor from "transparent" to "rgba(99, 102, 241, 0.15)". transparent is not an animatable value - to enable this animation set transparent to a value animatable to rgba(99, 102, 241, 0.15) via the `style` property. @ http://localhost:5173/node_modules/.vite/deps/framer-motion.js?v=0234295a:418
[  501456ms] [WARNING] You are trying to animate backgroundColor from "rgba(99, 102, 241, 0.15)" to "transparent". rgba(99, 102, 241, 0.15) is not an animatable value - to enable this animation set rgba(99, 102, 241, 0.15) to a value animatable to transparent via the `style` property. @ http://localhost:5173/node_modules/.vite/deps/framer-motion.js?v=0234295a:418
[  505517ms] [WARNING] You are trying to animate backgroundColor from "transparent" to "rgba(99, 102, 241, 0.15)". transparent is not an animatable value - to enable this animation set transparent to a value animatable to rgba(99, 102, 241, 0.15) via the `style` property. @ http://localhost:5173/node_modules/.vite/deps/framer-motion.js?v=0234295a:418
[  510593ms] [WARNING] You are trying to animate backgroundColor from "rgba(99, 102, 241, 0.15)" to "transparent". rgba(99, 102, 241, 0.15) is not an animatable value - to enable this animation set rgba(99, 102, 241, 0.15) to a value animatable to transparent via the `style` property. @ http://localhost:5173/node_modules/.vite/deps/framer-motion.js?v=0234295a:418
[  510594ms] [WARNING] You are trying to animate backgroundColor from "transparent" to "rgba(99, 102, 241, 0.15)". transparent is not an animatable value - to enable this animation set transparent to a value animatable to rgba(99, 102, 241, 0.15) via the `style` property. @ http://localhost:5173/node_modules/.vite/deps/framer-motion.js?v=0234295a:418
[  513639ms] [WARNING] You are trying to animate backgroundColor from "transparent" to "rgba(99, 102, 241, 0.15)". transparent is not an animatable value - to enable this animation set transparent to a value animatable to rgba(99, 102, 241, 0.15) via the `style` property. @ http://localhost:5173/node_modules/.vite/deps/framer-motion.js?v=0234295a:418
[  513640ms] [WARNING] You are trying to animate backgroundColor from "rgba(99, 102, 241, 0.15)" to "transparent". rgba(99, 102, 241, 0.15) is not an animatable value - to enable this animation set rgba(99, 102, 241, 0.15) to a value animatable to transparent via the `style` property. @ http://localhost:5173/node_modules/.vite/deps/framer-motion.js?v=0234295a:418
[  513641ms] [WARNING] You are trying to animate backgroundColor from "transparent" to "rgba(99, 102, 241, 0.15)". transparent is not an animatable value - to enable this animation set transparent to a value animatable to rgba(99, 102, 241, 0.15) via the `style` property. @ http://localhost:5173/node_modules/.vite/deps/framer-motion.js?v=0234295a:418
[  517687ms] [WARNING] You are trying to animate backgroundColor from "rgba(99, 102, 241, 0.15)" to "transparent". rgba(99, 102, 241, 0.15) is not an animatable value - to enable this animation set rgba(99, 102, 241, 0.15) to a value animatable to transparent via the `style` property. @ http://localhost:5173/node_modules/.vite/deps/framer-motion.js?v=0234295a:418
[  517688ms] [WARNING] You are trying to animate backgroundColor from "rgba(99, 102, 241, 0.15)" to "transparent". rgba(99, 102, 241, 0.15) is not an animatable value - to enable this animation set rgba(99, 102, 241, 0.15) to a value animatable to transparent via the `style` property. @ http://localhost:5173/node_modules/.vite/deps/framer-motion.js?v=0234295a:418
[  517688ms] [WARNING] You are trying to animate backgroundColor from "transparent" to "rgba(99, 102, 241, 0.15)". transparent is not an animatable value - to enable this animation set transparent to a value animatable to rgba(99, 102, 241, 0.15) via the `style` property. @ http://localhost:5173/node_modules/.vite/deps/framer-motion.js?v=0234295a:418
[  524799ms] [WARNING] You are trying to animate backgroundColor from "rgba(99, 102, 241, 0.15)" to "transparent". rgba(99, 102, 241, 0.15) is not an animatable value - to enable this animation set rgba(99, 102, 241, 0.15) to a value animatable to transparent via the `style` property. @ http://localhost:5173/node_modules/.vite/deps/framer-motion.js?v=0234295a:418
[  528860ms] [WARNING] You are trying to animate backgroundColor from "transparent" to "rgba(99, 102, 241, 0.15)". transparent is not an animatable value - to enable this animation set transparent to a value animatable to rgba(99, 102, 241, 0.15) via the `style` property. @ http://localhost:5173/node_modules/.vite/deps/framer-motion.js?v=0234295a:418
[  533937ms] [WARNING] You are trying to animate backgroundColor from "rgba(99, 102, 241, 0.15)" to "transparent". rgba(99, 102, 241, 0.15) is not an animatable value - to enable this animation set rgba(99, 102, 241, 0.15) to a value animatable to transparent via the `style` property. @ http://localhost:5173/node_modules/.vite/deps/framer-motion.js?v=0234295a:418
[  533939ms] [WARNING] You are trying to animate backgroundColor from "transparent" to "rgba(99, 102, 241, 0.15)". transparent is not an animatable value - to enable this animation set transparent to a value animatable to rgba(99, 102, 241, 0.15) via the `style` property. @ http://localhost:5173/node_modules/.vite/deps/framer-motion.js?v=0234295a:418
[  536985ms] [WARNING] You are trying to animate backgroundColor from "transparent" to "rgba(99, 102, 241, 0.15)". transparent is not an animatable value - to enable this animation set transparent to a value animatable to rgba(99, 102, 241, 0.15) via the `style` property. @ http://localhost:5173/node_modules/.vite/deps/framer-motion.js?v=0234295a:418
[  536985ms] [WARNING] You are trying to animate backgroundColor from "rgba(99, 102, 241, 0.15)" to "transparent". rgba(99, 102, 241, 0.15) is not an animatable value - to enable this animation set rgba(99, 102, 241, 0.15) to a value animatable to transparent via the `style` property. @ http://localhost:5173/node_modules/.vite/deps/framer-motion.js?v=0234295a:418
[  536986ms] [WARNING] You are trying to animate backgroundColor from "transparent" to "rgba(99, 102, 241, 0.15)". transparent is not an animatable value - to enable this animation set transparent to a value animatable to rgba(99, 102, 241, 0.15) via the `style` property. @ http://localhost:5173/node_modules/.vite/deps/framer-motion.js?v=0234295a:418
[  541048ms] [WARNING] You are trying to animate backgroundColor from "rgba(99, 102, 241, 0.15)" to "transparent". rgba(99, 102, 241, 0.15) is not an animatable value - to enable this animation set rgba(99, 102, 241, 0.15) to a value animatable to transparent via the `style` property. @ http://localhost:5173/node_modules/.vite/deps/framer-motion.js?v=0234295a:418
[  541049ms] [WARNING] You are trying to animate backgroundColor from "rgba(99, 102, 241, 0.15)" to "transparent". rgba(99, 102, 241, 0.15) is not an animatable value - to enable this animation set rgba(99, 102, 241, 0.15) to a value animatable to transparent via the `style` property. @ http://localhost:5173/node_modules/.vite/deps/framer-motion.js?v=0234295a:418
[  541050ms] [WARNING] You are trying to animate backgroundColor from "transparent" to "rgba(99, 102, 241, 0.15)". transparent is not an animatable value - to enable this animation set transparent to a value animatable to rgba(99, 102, 241, 0.15) via the `style` property. @ http://localhost:5173/node_modules/.vite/deps/framer-motion.js?v=0234295a:418
[  547203ms] [WARNING] You are trying to animate backgroundColor from "rgba(99, 102, 241, 0.15)" to "transparent". rgba(99, 102, 241, 0.15) is not an animatable value - to enable this animation set rgba(99, 102, 241, 0.15) to a value animatable to transparent via the `style` property. @ http://localhost:5173/node_modules/.vite/deps/framer-motion.js?v=0234295a:418
[  551209ms] [WARNING] You are trying to animate backgroundColor from "transparent" to "rgba(99, 102, 241, 0.15)". transparent is not an animatable value - to enable this animation set transparent to a value animatable to rgba(99, 102, 241, 0.15) via the `style` property. @ http://localhost:5173/node_modules/.vite/deps/framer-motion.js?v=0234295a:418
[  555828ms] [WARNING] You are trying to animate backgroundColor from "rgba(99, 102, 241, 0.15)" to "transparent". rgba(99, 102, 241, 0.15) is not an animatable value - to enable this animation set rgba(99, 102, 241, 0.15) to a value animatable to transparent via the `style` property. @ http://localhost:5173/node_modules/.vite/deps/framer-motion.js?v=0234295a:418
[  555829ms] [WARNING] You are trying to animate backgroundColor from "transparent" to "rgba(99, 102, 241, 0.15)". transparent is not an animatable value - to enable this animation set transparent to a value animatable to rgba(99, 102, 241, 0.15) via the `style` property. @ http://localhost:5173/node_modules/.vite/deps/framer-motion.js?v=0234295a:418
[  558849ms] [WARNING] You are trying to animate backgroundColor from "transparent" to "rgba(99, 102, 241, 0.15)". transparent is not an animatable value - to enable this animation set transparent to a value animatable to rgba(99, 102, 241, 0.15) via the `style` property. @ http://localhost:5173/node_modules/.vite/deps/framer-motion.js?v=0234295a:418
[  558849ms] [WARNING] You are trying to animate backgroundColor from "rgba(99, 102, 241, 0.15)" to "transparent". rgba(99, 102, 241, 0.15) is not an animatable value - to enable this animation set rgba(99, 102, 241, 0.15) to a value animatable to transparent via the `style` property. @ http://localhost:5173/node_modules/.vite/deps/framer-motion.js?v=0234295a:418
[  558850ms] [WARNING] You are trying to animate backgroundColor from "transparent" to "rgba(99, 102, 241, 0.15)". transparent is not an animatable value - to enable this animation set transparent to a value animatable to rgba(99, 102, 241, 0.15) via the `style` property. @ http://localhost:5173/node_modules/.vite/deps/framer-motion.js?v=0234295a:418
[  562923ms] [WARNING] You are trying to animate backgroundColor from "rgba(99, 102, 241, 0.15)" to "transparent". rgba(99, 102, 241, 0.15) is not an animatable value - to enable this animation set rgba(99, 102, 241, 0.15) to a value animatable to transparent via the `style` property. @ http://localhost:5173/node_modules/.vite/deps/framer-motion.js?v=0234295a:418
[  562924ms] [WARNING] You are trying to animate backgroundColor from "rgba(99, 102, 241, 0.15)" to "transparent". rgba(99, 102, 241, 0.15) is not an animatable value - to enable this animation set rgba(99, 102, 241, 0.15) to a value animatable to transparent via the `style` property. @ http://localhost:5173/node_modules/.vite/deps/framer-motion.js?v=0234295a:418
[  562935ms] [WARNING] You are trying to animate backgroundColor from "transparent" to "rgba(99, 102, 241, 0.15)". transparent is not an animatable value - to enable this animation set transparent to a value animatable to rgba(99, 102, 241, 0.15) via the `style` property. @ http://localhost:5173/node_modules/.vite/deps/framer-motion.js?v=0234295a:418
[  570029ms] [WARNING] You are trying to animate backgroundColor from "rgba(99, 102, 241, 0.15)" to "transparent". rgba(99, 102, 241, 0.15) is not an animatable value - to enable this animation set rgba(99, 102, 241, 0.15) to a value animatable to transparent via the `style` property. @ http://localhost:5173/node_modules/.vite/deps/framer-motion.js?v=0234295a:418
[  574089ms] [WARNING] You are trying to animate backgroundColor from "transparent" to "rgba(99, 102, 241, 0.15)". transparent is not an animatable value - to enable this animation set transparent to a value animatable to rgba(99, 102, 241, 0.15) via the `style` property. @ http://localhost:5173/node_modules/.vite/deps/framer-motion.js?v=0234295a:418
[  579164ms] [WARNING] You are trying to animate backgroundColor from "rgba(99, 102, 241, 0.15)" to "transparent". rgba(99, 102, 241, 0.15) is not an animatable value - to enable this animation set rgba(99, 102, 241, 0.15) to a value animatable to transparent via the `style` property. @ http://localhost:5173/node_modules/.vite/deps/framer-motion.js?v=0234295a:418
[  579165ms] [WARNING] You are trying to animate backgroundColor from "transparent" to "rgba(99, 102, 241, 0.15)". transparent is not an animatable value - to enable this animation set transparent to a value animatable to rgba(99, 102, 241, 0.15) via the `style` property. @ http://localhost:5173/node_modules/.vite/deps/framer-motion.js?v=0234295a:418
[  582212ms] [WARNING] You are trying to animate backgroundColor from "transparent" to "rgba(99, 102, 241, 0.15)". transparent is not an animatable value - to enable this animation set transparent to a value animatable to rgba(99, 102, 241, 0.15) via the `style` property. @ http://localhost:5173/node_modules/.vite/deps/framer-motion.js?v=0234295a:418
[  582213ms] [WARNING] You are trying to animate backgroundColor from "rgba(99, 102, 241, 0.15)" to "transparent". rgba(99, 102, 241, 0.15) is not an animatable value - to enable this animation set rgba(99, 102, 241, 0.15) to a value animatable to transparent via the `style` property. @ http://localhost:5173/node_modules/.vite/deps/framer-motion.js?v=0234295a:418
[  582218ms] [WARNING] You are trying to animate backgroundColor from "transparent" to "rgba(99, 102, 241, 0.15)". transparent is not an animatable value - to enable this animation set transparent to a value animatable to rgba(99, 102, 241, 0.15) via the `style` property. @ http://localhost:5173/node_modules/.vite/deps/framer-motion.js?v=0234295a:418
[  586274ms] [WARNING] You are trying to animate backgroundColor from "rgba(99, 102, 241, 0.15)" to "transparent". rgba(99, 102, 241, 0.15) is not an animatable value - to enable this animation set rgba(99, 102, 241, 0.15) to a value animatable to transparent via the `style` property. @ http://localhost:5173/node_modules/.vite/deps/framer-motion.js?v=0234295a:418
[  586276ms] [WARNING] You are trying to animate backgroundColor from "rgba(99, 102, 241, 0.15)" to "transparent". rgba(99, 102, 241, 0.15) is not an animatable value - to enable this animation set rgba(99, 102, 241, 0.15) to a value animatable to transparent via the `style` property. @ http://localhost:5173/node_modules/.vite/deps/framer-motion.js?v=0234295a:418
[  586279ms] [WARNING] You are trying to animate backgroundColor from "transparent" to "rgba(99, 102, 241, 0.15)". transparent is not an animatable value - to enable this animation set transparent to a value animatable to rgba(99, 102, 241, 0.15) via the `style` property. @ http://localhost:5173/node_modules/.vite/deps/framer-motion.js?v=0234295a:418
[  592371ms] [WARNING] You are trying to animate backgroundColor from "rgba(99, 102, 241, 0.15)" to "transparent". rgba(99, 102, 241, 0.15) is not an animatable value - to enable this animation set rgba(99, 102, 241, 0.15) to a value animatable to transparent via the `style` property. @ http://localhost:5173/node_modules/.vite/deps/framer-motion.js?v=0234295a:418
[  596444ms] [WARNING] You are trying to animate backgroundColor from "transparent" to "rgba(99, 102, 241, 0.15)". transparent is not an animatable value - to enable this animation set transparent to a value animatable to rgba(99, 102, 241, 0.15) via the `style` property. @ http://localhost:5173/node_modules/.vite/deps/framer-motion.js?v=0234295a:418
[  601510ms] [WARNING] You are trying to animate backgroundColor from "rgba(99, 102, 241, 0.15)" to "transparent". rgba(99, 102, 241, 0.15) is not an animatable value - to enable this animation set rgba(99, 102, 241, 0.15) to a value animatable to transparent via the `style` property. @ http://localhost:5173/node_modules/.vite/deps/framer-motion.js?v=0234295a:418
[  601512ms] [WARNING] You are trying to animate backgroundColor from "transparent" to "rgba(99, 102, 241, 0.15)". transparent is not an animatable value - to enable this animation set transparent to a value animatable to rgba(99, 102, 241, 0.15) via the `style` property. @ http://localhost:5173/node_modules/.vite/deps/framer-motion.js?v=0234295a:418
[  604566ms] [WARNING] You are trying to animate backgroundColor from "transparent" to "rgba(99, 102, 241, 0.15)". transparent is not an animatable value - to enable this animation set transparent to a value animatable to rgba(99, 102, 241, 0.15) via the `style` property. @ http://localhost:5173/node_modules/.vite/deps/framer-motion.js?v=0234295a:418
[  604567ms] [WARNING] You are trying to animate backgroundColor from "rgba(99, 102, 241, 0.15)" to "transparent". rgba(99, 102, 241, 0.15) is not an animatable value - to enable this animation set rgba(99, 102, 241, 0.15) to a value animatable to transparent via the `style` property. @ http://localhost:5173/node_modules/.vite/deps/framer-motion.js?v=0234295a:418
[  604568ms] [WARNING] You are trying to animate backgroundColor from "transparent" to "rgba(99, 102, 241, 0.15)". transparent is not an animatable value - to enable this animation set transparent to a value animatable to rgba(99, 102, 241, 0.15) via the `style` property. @ http://localhost:5173/node_modules/.vite/deps/framer-motion.js?v=0234295a:418
[  608621ms] [WARNING] You are trying to animate backgroundColor from "rgba(99, 102, 241, 0.15)" to "transparent". rgba(99, 102, 241, 0.15) is not an animatable value - to enable this animation set rgba(99, 102, 241, 0.15) to a value animatable to transparent via the `style` property. @ http://localhost:5173/node_modules/.vite/deps/framer-motion.js?v=0234295a:418
[  608621ms] [WARNING] You are trying to animate backgroundColor from "rgba(99, 102, 241, 0.15)" to "transparent". rgba(99, 102, 241, 0.15) is not an animatable value - to enable this animation set rgba(99, 102, 241, 0.15) to a value animatable to transparent via the `style` property. @ http://localhost:5173/node_modules/.vite/deps/framer-motion.js?v=0234295a:418
[  608622ms] [WARNING] You are trying to animate backgroundColor from "transparent" to "rgba(99, 102, 241, 0.15)". transparent is not an animatable value - to enable this animation set transparent to a value animatable to rgba(99, 102, 241, 0.15) via the `style` property. @ http://localhost:5173/node_modules/.vite/deps/framer-motion.js?v=0234295a:418
[  614716ms] [WARNING] You are trying to animate backgroundColor from "rgba(99, 102, 241, 0.15)" to "transparent". rgba(99, 102, 241, 0.15) is not an animatable value - to enable this animation set rgba(99, 102, 241, 0.15) to a value animatable to transparent via the `style` property. @ http://localhost:5173/node_modules/.vite/deps/framer-motion.js?v=0234295a:418
[  618781ms] [WARNING] You are trying to animate backgroundColor from "transparent" to "rgba(99, 102, 241, 0.15)". transparent is not an animatable value - to enable this animation set transparent to a value animatable to rgba(99, 102, 241, 0.15) via the `style` property. @ http://localhost:5173/node_modules/.vite/deps/framer-motion.js?v=0234295a:418
[  623857ms] [WARNING] You are trying to animate backgroundColor from "rgba(99, 102, 241, 0.15)" to "transparent". rgba(99, 102, 241, 0.15) is not an animatable value - to enable this animation set rgba(99, 102, 241, 0.15) to a value animatable to transparent via the `style` property. @ http://localhost:5173/node_modules/.vite/deps/framer-motion.js?v=0234295a:418
[  623944ms] [WARNING] You are trying to animate backgroundColor from "transparent" to "rgba(99, 102, 241, 0.15)". transparent is not an animatable value - to enable this animation set transparent to a value animatable to rgba(99, 102, 241, 0.15) via the `style` property. @ http://localhost:5173/node_modules/.vite/deps/framer-motion.js?v=0234295a:418
[  626930ms] [WARNING] You are trying to animate backgroundColor from "transparent" to "rgba(99, 102, 241, 0.15)". transparent is not an animatable value - to enable this animation set transparent to a value animatable to rgba(99, 102, 241, 0.15) via the `style` property. @ http://localhost:5173/node_modules/.vite/deps/framer-motion.js?v=0234295a:418
[  626931ms] [WARNING] You are trying to animate backgroundColor from "rgba(99, 102, 241, 0.15)" to "transparent". rgba(99, 102, 241, 0.15) is not an animatable value - to enable this animation set rgba(99, 102, 241, 0.15) to a value animatable to transparent via the `style` property. @ http://localhost:5173/node_modules/.vite/deps/framer-motion.js?v=0234295a:418
[  626932ms] [WARNING] You are trying to animate backgroundColor from "transparent" to "rgba(99, 102, 241, 0.15)". transparent is not an animatable value - to enable this animation set transparent to a value animatable to rgba(99, 102, 241, 0.15) via the `style` property. @ http://localhost:5173/node_modules/.vite/deps/framer-motion.js?v=0234295a:418
[  630966ms] [WARNING] You are trying to animate backgroundColor from "rgba(99, 102, 241, 0.15)" to "transparent". rgba(99, 102, 241, 0.15) is not an animatable value - to enable this animation set rgba(99, 102, 241, 0.15) to a value animatable to transparent via the `style` property. @ http://localhost:5173/node_modules/.vite/deps/framer-motion.js?v=0234295a:418
[  630988ms] [WARNING] You are trying to animate backgroundColor from "rgba(99, 102, 241, 0.15)" to "transparent". rgba(99, 102, 241, 0.15) is not an animatable value - to enable this animation set rgba(99, 102, 241, 0.15) to a value animatable to transparent via the `style` property. @ http://localhost:5173/node_modules/.vite/deps/framer-motion.js?v=0234295a:418
[  630998ms] [WARNING] You are trying to animate backgroundColor from "transparent" to "rgba(99, 102, 241, 0.15)". transparent is not an animatable value - to enable this animation set transparent to a value animatable to rgba(99, 102, 241, 0.15) via the `style` property. @ http://localhost:5173/node_modules/.vite/deps/framer-motion.js?v=0234295a:418
[  638083ms] [WARNING] You are trying to animate backgroundColor from "rgba(99, 102, 241, 0.15)" to "transparent". rgba(99, 102, 241, 0.15) is not an animatable value - to enable this animation set rgba(99, 102, 241, 0.15) to a value animatable to transparent via the `style` property. @ http://localhost:5173/node_modules/.vite/deps/framer-motion.js?v=0234295a:418
[  642141ms] [WARNING] You are trying to animate backgroundColor from "transparent" to "rgba(99, 102, 241, 0.15)". transparent is not an animatable value - to enable this animation set transparent to a value animatable to rgba(99, 102, 241, 0.15) via the `style` property. @ http://localhost:5173/node_modules/.vite/deps/framer-motion.js?v=0234295a:418
[  647217ms] [WARNING] You are trying to animate backgroundColor from "rgba(99, 102, 241, 0.15)" to "transparent". rgba(99, 102, 241, 0.15) is not an animatable value - to enable this animation set rgba(99, 102, 241, 0.15) to a value animatable to transparent via the `style` property. @ http://localhost:5173/node_modules/.vite/deps/framer-motion.js?v=0234295a:418
[  647218ms] [WARNING] You are trying to animate backgroundColor from "transparent" to "rgba(99, 102, 241, 0.15)". transparent is not an animatable value - to enable this animation set transparent to a value animatable to rgba(99, 102, 241, 0.15) via the `style` property. @ http://localhost:5173/node_modules/.vite/deps/framer-motion.js?v=0234295a:418
[  649249ms] [WARNING] You are trying to animate backgroundColor from "transparent" to "rgba(99, 102, 241, 0.15)". transparent is not an animatable value - to enable this animation set transparent to a value animatable to rgba(99, 102, 241, 0.15) via the `style` property. @ http://localhost:5173/node_modules/.vite/deps/framer-motion.js?v=0234295a:418
[  649252ms] [WARNING] You are trying to animate backgroundColor from "rgba(99, 102, 241, 0.15)" to "transparent". rgba(99, 102, 241, 0.15) is not an animatable value - to enable this animation set rgba(99, 102, 241, 0.15) to a value animatable to transparent via the `style` property. @ http://localhost:5173/node_modules/.vite/deps/framer-motion.js?v=0234295a:418
[  649256ms] [WARNING] You are trying to animate backgroundColor from "transparent" to "rgba(99, 102, 241, 0.15)". transparent is not an animatable value - to enable this animation set transparent to a value animatable to rgba(99, 102, 241, 0.15) via the `style` property. @ http://localhost:5173/node_modules/.vite/deps/framer-motion.js?v=0234295a:418
[  653313ms] [WARNING] You are trying to animate backgroundColor from "rgba(99, 102, 241, 0.15)" to "transparent". rgba(99, 102, 241, 0.15) is not an animatable value - to enable this animation set rgba(99, 102, 241, 0.15) to a value animatable to transparent via the `style` property. @ http://localhost:5173/node_modules/.vite/deps/framer-motion.js?v=0234295a:418
[  653314ms] [WARNING] You are trying to animate backgroundColor from "rgba(99, 102, 241, 0.15)" to "transparent". rgba(99, 102, 241, 0.15) is not an animatable value - to enable this animation set rgba(99, 102, 241, 0.15) to a value animatable to transparent via the `style` property. @ http://localhost:5173/node_modules/.vite/deps/framer-motion.js?v=0234295a:418
[  653317ms] [WARNING] You are trying to animate backgroundColor from "transparent" to "rgba(99, 102, 241, 0.15)". transparent is not an animatable value - to enable this animation set transparent to a value animatable to rgba(99, 102, 241, 0.15) via the `style` property. @ http://localhost:5173/node_modules/.vite/deps/framer-motion.js?v=0234295a:418
[  660424ms] [WARNING] You are trying to animate backgroundColor from "rgba(99, 102, 241, 0.15)" to "transparent". rgba(99, 102, 241, 0.15) is not an animatable value - to enable this animation set rgba(99, 102, 241, 0.15) to a value animatable to transparent via the `style` property. @ http://localhost:5173/node_modules/.vite/deps/framer-motion.js?v=0234295a:418
[  664486ms] [WARNING] You are trying to animate backgroundColor from "transparent" to "rgba(99, 102, 241, 0.15)". transparent is not an animatable value - to enable this animation set transparent to a value animatable to rgba(99, 102, 241, 0.15) via the `style` property. @ http://localhost:5173/node_modules/.vite/deps/framer-motion.js?v=0234295a:418
[  669570ms] [WARNING] You are trying to animate backgroundColor from "rgba(99, 102, 241, 0.15)" to "transparent". rgba(99, 102, 241, 0.15) is not an animatable value - to enable this animation set rgba(99, 102, 241, 0.15) to a value animatable to transparent via the `style` property. @ http://localhost:5173/node_modules/.vite/deps/framer-motion.js?v=0234295a:418
[  669572ms] [WARNING] You are trying to animate backgroundColor from "transparent" to "rgba(99, 102, 241, 0.15)". transparent is not an animatable value - to enable this animation set transparent to a value animatable to rgba(99, 102, 241, 0.15) via the `style` property. @ http://localhost:5173/node_modules/.vite/deps/framer-motion.js?v=0234295a:418
[  672610ms] [WARNING] You are trying to animate backgroundColor from "transparent" to "rgba(99, 102, 241, 0.15)". transparent is not an animatable value - to enable this animation set transparent to a value animatable to rgba(99, 102, 241, 0.15) via the `style` property. @ http://localhost:5173/node_modules/.vite/deps/framer-motion.js?v=0234295a:418
[  672612ms] [WARNING] You are trying to animate backgroundColor from "rgba(99, 102, 241, 0.15)" to "transparent". rgba(99, 102, 241, 0.15) is not an animatable value - to enable this animation set rgba(99, 102, 241, 0.15) to a value animatable to transparent via the `style` property. @ http://localhost:5173/node_modules/.vite/deps/framer-motion.js?v=0234295a:418
[  672612ms] [WARNING] You are trying to animate backgroundColor from "transparent" to "rgba(99, 102, 241, 0.15)". transparent is not an animatable value - to enable this animation set transparent to a value animatable to rgba(99, 102, 241, 0.15) via the `style` property. @ http://localhost:5173/node_modules/.vite/deps/framer-motion.js?v=0234295a:418
[  676674ms] [WARNING] You are trying to animate backgroundColor from "rgba(99, 102, 241, 0.15)" to "transparent". rgba(99, 102, 241, 0.15) is not an animatable value - to enable this animation set rgba(99, 102, 241, 0.15) to a value animatable to transparent via the `style` property. @ http://localhost:5173/node_modules/.vite/deps/framer-motion.js?v=0234295a:418
[  676675ms] [WARNING] You are trying to animate backgroundColor from "rgba(99, 102, 241, 0.15)" to "transparent". rgba(99, 102, 241, 0.15) is not an animatable value - to enable this animation set rgba(99, 102, 241, 0.15) to a value animatable to transparent via the `style` property. @ http://localhost:5173/node_modules/.vite/deps/framer-motion.js?v=0234295a:418
[  676676ms] [WARNING] You are trying to animate backgroundColor from "transparent" to "rgba(99, 102, 241, 0.15)". transparent is not an animatable value - to enable this animation set transparent to a value animatable to rgba(99, 102, 241, 0.15) via the `style` property. @ http://localhost:5173/node_modules/.vite/deps/framer-motion.js?v=0234295a:418
[  682769ms] [WARNING] You are trying to animate backgroundColor from "rgba(99, 102, 241, 0.15)" to "transparent". rgba(99, 102, 241, 0.15) is not an animatable value - to enable this animation set rgba(99, 102, 241, 0.15) to a value animatable to transparent via the `style` property. @ http://localhost:5173/node_modules/.vite/deps/framer-motion.js?v=0234295a:418
[  686833ms] [WARNING] You are trying to animate backgroundColor from "transparent" to "rgba(99, 102, 241, 0.15)". transparent is not an animatable value - to enable this animation set transparent to a value animatable to rgba(99, 102, 241, 0.15) via the `style` property. @ http://localhost:5173/node_modules/.vite/deps/framer-motion.js?v=0234295a:418
[  691908ms] [WARNING] You are trying to animate backgroundColor from "rgba(99, 102, 241, 0.15)" to "transparent". rgba(99, 102, 241, 0.15) is not an animatable value - to enable this animation set rgba(99, 102, 241, 0.15) to a value animatable to transparent via the `style` property. @ http://localhost:5173/node_modules/.vite/deps/framer-motion.js?v=0234295a:418
[  691916ms] [WARNING] You are trying to animate backgroundColor from "transparent" to "rgba(99, 102, 241, 0.15)". transparent is not an animatable value - to enable this animation set transparent to a value animatable to rgba(99, 102, 241, 0.15) via the `style` property. @ http://localhost:5173/node_modules/.vite/deps/framer-motion.js?v=0234295a:418
[  694955ms] [WARNING] You are trying to animate backgroundColor from "transparent" to "rgba(99, 102, 241, 0.15)". transparent is not an animatable value - to enable this animation set transparent to a value animatable to rgba(99, 102, 241, 0.15) via the `style` property. @ http://localhost:5173/node_modules/.vite/deps/framer-motion.js?v=0234295a:418
[  694959ms] [WARNING] You are trying to animate backgroundColor from "rgba(99, 102, 241, 0.15)" to "transparent". rgba(99, 102, 241, 0.15) is not an animatable value - to enable this animation set rgba(99, 102, 241, 0.15) to a value animatable to transparent via the `style` property. @ http://localhost:5173/node_modules/.vite/deps/framer-motion.js?v=0234295a:418
[  694960ms] [WARNING] You are trying to animate backgroundColor from "transparent" to "rgba(99, 102, 241, 0.15)". transparent is not an animatable value - to enable this animation set transparent to a value animatable to rgba(99, 102, 241, 0.15) via the `style` property. @ http://localhost:5173/node_modules/.vite/deps/framer-motion.js?v=0234295a:418
[  699019ms] [WARNING] You are trying to animate backgroundColor from "rgba(99, 102, 241, 0.15)" to "transparent". rgba(99, 102, 241, 0.15) is not an animatable value - to enable this animation set rgba(99, 102, 241, 0.15) to a value animatable to transparent via the `style` property. @ http://localhost:5173/node_modules/.vite/deps/framer-motion.js?v=0234295a:418
[  699021ms] [WARNING] You are trying to animate backgroundColor from "rgba(99, 102, 241, 0.15)" to "transparent". rgba(99, 102, 241, 0.15) is not an animatable value - to enable this animation set rgba(99, 102, 241, 0.15) to a value animatable to transparent via the `style` property. @ http://localhost:5173/node_modules/.vite/deps/framer-motion.js?v=0234295a:418
[  699024ms] [WARNING] You are trying to animate backgroundColor from "transparent" to "rgba(99, 102, 241, 0.15)". transparent is not an animatable value - to enable this animation set transparent to a value animatable to rgba(99, 102, 241, 0.15) via the `style` property. @ http://localhost:5173/node_modules/.vite/deps/framer-motion.js?v=0234295a:418
[  705151ms] [WARNING] You are trying to animate backgroundColor from "rgba(99, 102, 241, 0.15)" to "transparent". rgba(99, 102, 241, 0.15) is not an animatable value - to enable this animation set rgba(99, 102, 241, 0.15) to a value animatable to transparent via the `style` property. @ http://localhost:5173/node_modules/.vite/deps/framer-motion.js?v=0234295a:418
[  709181ms] [WARNING] You are trying to animate backgroundColor from "transparent" to "rgba(99, 102, 241, 0.15)". transparent is not an animatable value - to enable this animation set transparent to a value animatable to rgba(99, 102, 241, 0.15) via the `style` property. @ http://localhost:5173/node_modules/.vite/deps/framer-motion.js?v=0234295a:418
[  714254ms] [WARNING] You are trying to animate backgroundColor from "rgba(99, 102, 241, 0.15)" to "transparent". rgba(99, 102, 241, 0.15) is not an animatable value - to enable this animation set rgba(99, 102, 241, 0.15) to a value animatable to transparent via the `style` property. @ http://localhost:5173/node_modules/.vite/deps/framer-motion.js?v=0234295a:418
[  714255ms] [WARNING] You are trying to animate backgroundColor from "transparent" to "rgba(99, 102, 241, 0.15)". transparent is not an animatable value - to enable this animation set transparent to a value animatable to rgba(99, 102, 241, 0.15) via the `style` property. @ http://localhost:5173/node_modules/.vite/deps/framer-motion.js?v=0234295a:418
[  717301ms] [WARNING] You are trying to animate backgroundColor from "transparent" to "rgba(99, 102, 241, 0.15)". transparent is not an animatable value - to enable this animation set transparent to a value animatable to rgba(99, 102, 241, 0.15) via the `style` property. @ http://localhost:5173/node_modules/.vite/deps/framer-motion.js?v=0234295a:418
[  717302ms] [WARNING] You are trying to animate backgroundColor from "rgba(99, 102, 241, 0.15)" to "transparent". rgba(99, 102, 241, 0.15) is not an animatable value - to enable this animation set rgba(99, 102, 241, 0.15) to a value animatable to transparent via the `style` property. @ http://localhost:5173/node_modules/.vite/deps/framer-motion.js?v=0234295a:418
[  717303ms] [WARNING] You are trying to animate backgroundColor from "transparent" to "rgba(99, 102, 241, 0.15)". transparent is not an animatable value - to enable this animation set transparent to a value animatable to rgba(99, 102, 241, 0.15) via the `style` property. @ http://localhost:5173/node_modules/.vite/deps/framer-motion.js?v=0234295a:418
[  721365ms] [WARNING] You are trying to animate backgroundColor from "rgba(99, 102, 241, 0.15)" to "transparent". rgba(99, 102, 241, 0.15) is not an animatable value - to enable this animation set rgba(99, 102, 241, 0.15) to a value animatable to transparent via the `style` property. @ http://localhost:5173/node_modules/.vite/deps/framer-motion.js?v=0234295a:418
[  721366ms] [WARNING] You are trying to animate backgroundColor from "rgba(99, 102, 241, 0.15)" to "transparent". rgba(99, 102, 241, 0.15) is not an animatable value - to enable this animation set rgba(99, 102, 241, 0.15) to a value animatable to transparent via the `style` property. @ http://localhost:5173/node_modules/.vite/deps/framer-motion.js?v=0234295a:418
[  721366ms] [WARNING] You are trying to animate backgroundColor from "transparent" to "rgba(99, 102, 241, 0.15)". transparent is not an animatable value - to enable this animation set transparent to a value animatable to rgba(99, 102, 241, 0.15) via the `style` property. @ http://localhost:5173/node_modules/.vite/deps/framer-motion.js?v=0234295a:418
[  728479ms] [WARNING] You are trying to animate backgroundColor from "rgba(99, 102, 241, 0.15)" to "transparent". rgba(99, 102, 241, 0.15) is not an animatable value - to enable this animation set rgba(99, 102, 241, 0.15) to a value animatable to transparent via the `style` property. @ http://localhost:5173/node_modules/.vite/deps/framer-motion.js?v=0234295a:418
[  732539ms] [WARNING] You are trying to animate backgroundColor from "transparent" to "rgba(99, 102, 241, 0.15)". transparent is not an animatable value - to enable this animation set transparent to a value animatable to rgba(99, 102, 241, 0.15) via the `style` property. @ http://localhost:5173/node_modules/.vite/deps/framer-motion.js?v=0234295a:418
[  737626ms] [WARNING] You are trying to animate backgroundColor from "rgba(99, 102, 241, 0.15)" to "transparent". rgba(99, 102, 241, 0.15) is not an animatable value - to enable this animation set rgba(99, 102, 241, 0.15) to a value animatable to transparent via the `style` property. @ http://localhost:5173/node_modules/.vite/deps/framer-motion.js?v=0234295a:418
[  737640ms] [WARNING] You are trying to animate backgroundColor from "transparent" to "rgba(99, 102, 241, 0.15)". transparent is not an animatable value - to enable this animation set transparent to a value animatable to rgba(99, 102, 241, 0.15) via the `style` property. @ http://localhost:5173/node_modules/.vite/deps/framer-motion.js?v=0234295a:418
[  740229ms] [WARNING] You are trying to animate backgroundColor from "transparent" to "rgba(99, 102, 241, 0.15)". transparent is not an animatable value - to enable this animation set transparent to a value animatable to rgba(99, 102, 241, 0.15) via the `style` property. @ http://localhost:5173/node_modules/.vite/deps/framer-motion.js?v=0234295a:418
[  740230ms] [WARNING] You are trying to animate backgroundColor from "rgba(99, 102, 241, 0.15)" to "transparent". rgba(99, 102, 241, 0.15) is not an animatable value - to enable this animation set rgba(99, 102, 241, 0.15) to a value animatable to transparent via the `style` property. @ http://localhost:5173/node_modules/.vite/deps/framer-motion.js?v=0234295a:418
[  740234ms] [WARNING] You are trying to animate backgroundColor from "transparent" to "rgba(99, 102, 241, 0.15)". transparent is not an animatable value - to enable this animation set transparent to a value animatable to rgba(99, 102, 241, 0.15) via the `style` property. @ http://localhost:5173/node_modules/.vite/deps/framer-motion.js?v=0234295a:418
[  744269ms] [WARNING] You are trying to animate backgroundColor from "rgba(99, 102, 241, 0.15)" to "transparent". rgba(99, 102, 241, 0.15) is not an animatable value - to enable this animation set rgba(99, 102, 241, 0.15) to a value animatable to transparent via the `style` property. @ http://localhost:5173/node_modules/.vite/deps/framer-motion.js?v=0234295a:418
[  744271ms] [WARNING] You are trying to animate backgroundColor from "rgba(99, 102, 241, 0.15)" to "transparent". rgba(99, 102, 241, 0.15) is not an animatable value - to enable this animation set rgba(99, 102, 241, 0.15) to a value animatable to transparent via the `style` property. @ http://localhost:5173/node_modules/.vite/deps/framer-motion.js?v=0234295a:418
[  744274ms] [WARNING] You are trying to animate backgroundColor from "transparent" to "rgba(99, 102, 241, 0.15)". transparent is not an animatable value - to enable this animation set transparent to a value animatable to rgba(99, 102, 241, 0.15) via the `style` property. @ http://localhost:5173/node_modules/.vite/deps/framer-motion.js?v=0234295a:418
[  750313ms] [WARNING] You are trying to animate backgroundColor from "rgba(99, 102, 241, 0.15)" to "transparent". rgba(99, 102, 241, 0.15) is not an animatable value - to enable this animation set rgba(99, 102, 241, 0.15) to a value animatable to transparent via the `style` property. @ http://localhost:5173/node_modules/.vite/deps/framer-motion.js?v=0234295a:418
[  754342ms] [WARNING] You are trying to animate backgroundColor from "transparent" to "rgba(99, 102, 241, 0.15)". transparent is not an animatable value - to enable this animation set transparent to a value animatable to rgba(99, 102, 241, 0.15) via the `style` property. @ http://localhost:5173/node_modules/.vite/deps/framer-motion.js?v=0234295a:418
[  887116ms] [LOG] [vite] server connection lost. Polling for restart... @ http://localhost:5173/@vite/client:992
[  887750ms] [WARNING] You are trying to animate backgroundColor from "rgba(99, 102, 241, 0.15)" to "transparent". rgba(99, 102, 241, 0.15) is not an animatable value - to enable this animation set rgba(99, 102, 241, 0.15) to a value animatable to transparent via the `style` property. @ http://localhost:5173/node_modules/.vite/deps/framer-motion.js?v=0234295a:418
[  887755ms] [WARNING] You are trying to animate backgroundColor from "transparent" to "rgba(99, 102, 241, 0.15)". transparent is not an animatable value - to enable this animation set transparent to a value animatable to rgba(99, 102, 241, 0.15) via the `style` property. @ http://localhost:5173/node_modules/.vite/deps/framer-motion.js?v=0234295a:418
[  888916ms] [INFO] %cDownload the React DevTools for a better development experience: https://reactjs.org/link/react-devtools font-weight:bold @ http://localhost:5173/node_modules/.vite/deps/react-dom-DZQ9hRBr.js?v=0234295a:17230
[  889278ms] [WARNING] ⚠️ React Router Future Flag Warning: React Router will begin wrapping state updates in `React.startTransition` in v7. You can use the `v7_startTransition` future flag to opt-in early. For more information, see https://reactrouter.com/v6/upgrading/future#v7_starttransition. @ http://localhost:5173/node_modules/.vite/deps/react-router-dom.js?v=0234295a:3613
[  889278ms] [WARNING] ⚠️ React Router Future Flag Warning: Relative route resolution within Splat routes is changing in v7. You can use the `v7_relativeSplatPath` future flag to opt-in early. For more information, see https://reactrouter.com/v6/upgrading/future#v7_relativesplatpath. @ http://localhost:5173/node_modules/.vite/deps/react-router-dom.js?v=0234295a:3613
[  889319ms] [WARNING] You are trying to animate backgroundColor from "rgba(0, 0, 0, 0)" to "transparent". rgba(0, 0, 0, 0) is not an animatable value - to enable this animation set rgba(0, 0, 0, 0) to a value animatable to transparent via the `style` property. @ http://localhost:5173/node_modules/.vite/deps/framer-motion.js?v=0234295a:418
[  889321ms] [WARNING] You are trying to animate backgroundColor from "rgba(0, 0, 0, 0)" to "transparent". rgba(0, 0, 0, 0) is not an animatable value - to enable this animation set rgba(0, 0, 0, 0) to a value animatable to transparent via the `style` property. @ http://localhost:5173/node_modules/.vite/deps/framer-motion.js?v=0234295a:418
[  889321ms] [WARNING] You are trying to animate backgroundColor from "rgba(0, 0, 0, 0)" to "transparent". rgba(0, 0, 0, 0) is not an animatable value - to enable this animation set rgba(0, 0, 0, 0) to a value animatable to transparent via the `style` property. @ http://localhost:5173/node_modules/.vite/deps/framer-motion.js?v=0234295a:418
[  889322ms] [WARNING] You are trying to animate backgroundColor from "rgba(0, 0, 0, 0)" to "transparent". rgba(0, 0, 0, 0) is not an animatable value - to enable this animation set rgba(0, 0, 0, 0) to a value animatable to transparent via the `style` property. @ http://localhost:5173/node_modules/.vite/deps/framer-motion.js?v=0234295a:418
[  889327ms] [WARNING] Invalid keyframe value for property filter: blur(-0.11564px) @ http://localhost:5173/node_modules/.vite/deps/framer-motion.js?v=0234295a:4656
[  889328ms] [WARNING] Invalid keyframe value for property filter: blur(-0.28399px) @ http://localhost:5173/node_modules/.vite/deps/framer-motion.js?v=0234295a:4656
[  889328ms] [WARNING] Invalid keyframe value for property filter: blur(-0.42811px) @ http://localhost:5173/node_modules/.vite/deps/framer-motion.js?v=0234295a:4656
[  889328ms] [WARNING] Invalid keyframe value for property filter: blur(-0.54982px) @ http://localhost:5173/node_modules/.vite/deps/framer-motion.js?v=0234295a:4656
[  889328ms] [WARNING] Invalid keyframe value for property filter: blur(-0.65089px) @ http://localhost:5173/node_modules/.vite/deps/framer-motion.js?v=0234295a:4656
[  889328ms] [WARNING] Invalid keyframe value for property filter: blur(-0.73308px) @ http://localhost:5173/node_modules/.vite/deps/framer-motion.js?v=0234295a:4656
[  889328ms] [WARNING] Invalid keyframe value for property filter: blur(-0.79806px) @ http://localhost:5173/node_modules/.vite/deps/framer-motion.js?v=0234295a:4656
[  889328ms] [WARNING] Invalid keyframe value for property filter: blur(-0.84747px) @ http://localhost:5173/node_modules/.vite/deps/framer-motion.js?v=0234295a:4656
[  889328ms] [WARNING] Invalid keyframe value for property filter: blur(-0.88286px) @ http://localhost:5173/node_modules/.vite/deps/framer-motion.js?v=0234295a:4656
[  889328ms] [WARNING] Invalid keyframe value for property filter: blur(-0.90572px) @ http://localhost:5173/node_modules/.vite/deps/framer-motion.js?v=0234295a:4656
[  889328ms] [WARNING] Invalid keyframe value for property filter: blur(-0.91745px) @ http://localhost:5173/node_modules/.vite/deps/framer-motion.js?v=0234295a:4656
[  889328ms] [WARNING] Invalid keyframe value for property filter: blur(-0.91938px) @ http://localhost:5173/node_modules/.vite/deps/framer-motion.js?v=0234295a:4656
[  889328ms] [WARNING] Invalid keyframe value for property filter: blur(-0.91276px) @ http://localhost:5173/node_modules/.vite/deps/framer-motion.js?v=0234295a:4656
[  889328ms] [WARNING] Invalid keyframe value for property filter: blur(-0.89873px) @ http://localhost:5173/node_modules/.vite/deps/framer-motion.js?v=0234295a:4656
[  889328ms] [WARNING] Invalid keyframe value for property filter: blur(-0.87839px) @ http://localhost:5173/node_modules/.vite/deps/framer-motion.js?v=0234295a:4656
[  889328ms] [WARNING] Invalid keyframe value for property filter: blur(-0.85273px) @ http://localhost:5173/node_modules/.vite/deps/framer-motion.js?v=0234295a:4656
[  889328ms] [WARNING] Invalid keyframe value for property filter: blur(-0.82267px) @ http://localhost:5173/node_modules/.vite/deps/framer-motion.js?v=0234295a:4656
[  889328ms] [WARNING] Invalid keyframe value for property filter: blur(-0.78904px) @ http://localhost:5173/node_modules/.vite/deps/framer-motion.js?v=0234295a:4656
[  889328ms] [WARNING] Invalid keyframe value for property filter: blur(-0.7526px) @ http://localhost:5173/node_modules/.vite/deps/framer-motion.js?v=0234295a:4656
[  889328ms] [WARNING] Invalid keyframe value for property filter: blur(-0.71406px) @ http://localhost:5173/node_modules/.vite/deps/framer-motion.js?v=0234295a:4656
[  889328ms] [WARNING] Invalid keyframe value for property filter: blur(-0.67402px) @ http://localhost:5173/node_modules/.vite/deps/framer-motion.js?v=0234295a:4656
[  889329ms] [WARNING] Invalid keyframe value for property filter: blur(-0.63304px) @ http://localhost:5173/node_modules/.vite/deps/framer-motion.js?v=0234295a:4656
[  889329ms] [WARNING] Invalid keyframe value for property filter: blur(-0.59161px) @ http://localhost:5173/node_modules/.vite/deps/framer-motion.js?v=0234295a:4656
[  889340ms] [WARNING] Invalid keyframe value for property filter: blur(-0.55017px) @ http://localhost:5173/node_modules/.vite/deps/framer-motion.js?v=0234295a:4656
[  889341ms] [WARNING] Invalid keyframe value for property filter: blur(-0.50909px) @ http://localhost:5173/node_modules/.vite/deps/framer-motion.js?v=0234295a:4656
[  889341ms] [WARNING] Invalid keyframe value for property filter: blur(-0.4687px) @ http://localhost:5173/node_modules/.vite/deps/framer-motion.js?v=0234295a:4656
[  889341ms] [WARNING] Invalid keyframe value for property filter: blur(-0.42927px) @ http://localhost:5173/node_modules/.vite/deps/framer-motion.js?v=0234295a:4656
[  889343ms] [WARNING] Invalid keyframe value for property filter: blur(-0.39103px) @ http://localhost:5173/node_modules/.vite/deps/framer-motion.js?v=0234295a:4656
[  889344ms] [WARNING] Invalid keyframe value for property filter: blur(-0.35418px) @ http://localhost:5173/node_modules/.vite/deps/framer-motion.js?v=0234295a:4656
[  889346ms] [WARNING] Invalid keyframe value for property filter: blur(-0.31887px) @ http://localhost:5173/node_modules/.vite/deps/framer-motion.js?v=0234295a:4656
[  889346ms] [WARNING] Invalid keyframe value for property filter: blur(-0.28522px) @ http://localhost:5173/node_modules/.vite/deps/framer-motion.js?v=0234295a:4656
[  889347ms] [WARNING] Invalid keyframe value for property filter: blur(-0.25333px) @ http://localhost:5173/node_modules/.vite/deps/framer-motion.js?v=0234295a:4656
[  889348ms] [WARNING] Invalid keyframe value for property filter: blur(-0.22325px) @ http://localhost:5173/node_modules/.vite/deps/framer-motion.js?v=0234295a:4656
[  889348ms] [WARNING] Invalid keyframe value for property filter: blur(-0.19502px) @ http://localhost:5173/node_modules/.vite/deps/framer-motion.js?v=0234295a:4656
[  889348ms] [WARNING] Invalid keyframe value for property filter: blur(-0.16867px) @ http://localhost:5173/node_modules/.vite/deps/framer-motion.js?v=0234295a:4656
[  889349ms] [WARNING] Invalid keyframe value for property filter: blur(-0.14418px) @ http://localhost:5173/node_modules/.vite/deps/framer-motion.js?v=0234295a:4656
[  889349ms] [WARNING] Invalid keyframe value for property filter: blur(-0.12154px) @ http://localhost:5173/node_modules/.vite/deps/framer-motion.js?v=0234295a:4656
[  889349ms] [WARNING] Invalid keyframe value for property filter: blur(-0.10071px) @ http://localhost:5173/node_modules/.vite/deps/framer-motion.js?v=0234295a:4656
[  889349ms] [WARNING] Invalid keyframe value for property filter: blur(-0.08166px) @ http://localhost:5173/node_modules/.vite/deps/framer-motion.js?v=0234295a:4656
[  889349ms] [WARNING] Invalid keyframe value for property filter: blur(-0.06432px) @ http://localhost:5173/node_modules/.vite/deps/framer-motion.js?v=0234295a:4656
[  889349ms] [WARNING] Invalid keyframe value for property filter: blur(-0.04862px) @ http://localhost:5173/node_modules/.vite/deps/framer-motion.js?v=0234295a:4656
[  889350ms] [WARNING] Invalid keyframe value for property filter: blur(-0.03451px) @ http://localhost:5173/node_modules/.vite/deps/framer-motion.js?v=0234295a:4656
[  889350ms] [WARNING] Invalid keyframe value for property filter: blur(-0.02191px) @ http://localhost:5173/node_modules/.vite/deps/framer-motion.js?v=0234295a:4656
[  889350ms] [WARNING] Invalid keyframe value for property filter: blur(-0.01072px) @ http://localhost:5173/node_modules/.vite/deps/framer-motion.js?v=0234295a:4656
[  889350ms] [WARNING] Invalid keyframe value for property filter: blur(-0.00088px) @ http://localhost:5173/node_modules/.vite/deps/framer-motion.js?v=0234295a:4656
[  895305ms] [WARNING] You are trying to animate backgroundColor from "rgba(99, 102, 241, 0.15)" to "transparent". rgba(99, 102, 241, 0.15) is not an animatable value - to enable this animation set rgba(99, 102, 241, 0.15) to a value animatable to transparent via the `style` property. @ http://localhost:5173/node_modules/.vite/deps/framer-motion.js?v=0234295a:418
[  895307ms] [WARNING] You are trying to animate backgroundColor from "transparent" to "rgba(99, 102, 241, 0.15)". transparent is not an animatable value - to enable this animation set transparent to a value animatable to rgba(99, 102, 241, 0.15) via the `style` property. @ http://localhost:5173/node_modules/.vite/deps/framer-motion.js?v=0234295a:418
[  898351ms] [WARNING] You are trying to animate backgroundColor from "transparent" to "rgba(99, 102, 241, 0.15)". transparent is not an animatable value - to enable this animation set transparent to a value animatable to rgba(99, 102, 241, 0.15) via the `style` property. @ http://localhost:5173/node_modules/.vite/deps/framer-motion.js?v=0234295a:418
[  898352ms] [WARNING] You are trying to animate backgroundColor from "rgba(99, 102, 241, 0.15)" to "transparent". rgba(99, 102, 241, 0.15) is not an animatable value - to enable this animation set rgba(99, 102, 241, 0.15) to a value animatable to transparent via the `style` property. @ http://localhost:5173/node_modules/.vite/deps/framer-motion.js?v=0234295a:418
[  898354ms] [WARNING] You are trying to animate backgroundColor from "transparent" to "rgba(99, 102, 241, 0.15)". transparent is not an animatable value - to enable this animation set transparent to a value animatable to rgba(99, 102, 241, 0.15) via the `style` property. @ http://localhost:5173/node_modules/.vite/deps/framer-motion.js?v=0234295a:418
[  902414ms] [WARNING] You are trying to animate backgroundColor from "rgba(99, 102, 241, 0.15)" to "transparent". rgba(99, 102, 241, 0.15) is not an animatable value - to enable this animation set rgba(99, 102, 241, 0.15) to a value animatable to transparent via the `style` property. @ http://localhost:5173/node_modules/.vite/deps/framer-motion.js?v=0234295a:418
[  902415ms] [WARNING] You are trying to animate backgroundColor from "rgba(99, 102, 241, 0.15)" to "transparent". rgba(99, 102, 241, 0.15) is not an animatable value - to enable this animation set rgba(99, 102, 241, 0.15) to a value animatable to transparent via the `style` property. @ http://localhost:5173/node_modules/.vite/deps/framer-motion.js?v=0234295a:418
[  902415ms] [WARNING] You are trying to animate backgroundColor from "transparent" to "rgba(99, 102, 241, 0.15)". transparent is not an animatable value - to enable this animation set transparent to a value animatable to rgba(99, 102, 241, 0.15) via the `style` property. @ http://localhost:5173/node_modules/.vite/deps/framer-motion.js?v=0234295a:418
[  908510ms] [WARNING] You are trying to animate backgroundColor from "rgba(99, 102, 241, 0.15)" to "transparent". rgba(99, 102, 241, 0.15) is not an animatable value - to enable this animation set rgba(99, 102, 241, 0.15) to a value animatable to transparent via the `style` property. @ http://localhost:5173/node_modules/.vite/deps/framer-motion.js?v=0234295a:418
[  912573ms] [WARNING] You are trying to animate backgroundColor from "transparent" to "rgba(99, 102, 241, 0.15)". transparent is not an animatable value - to enable this animation set transparent to a value animatable to rgba(99, 102, 241, 0.15) via the `style` property. @ http://localhost:5173/node_modules/.vite/deps/framer-motion.js?v=0234295a:418
[  917720ms] [WARNING] You are trying to animate backgroundColor from "rgba(99, 102, 241, 0.15)" to "transparent". rgba(99, 102, 241, 0.15) is not an animatable value - to enable this animation set rgba(99, 102, 241, 0.15) to a value animatable to transparent via the `style` property. @ http://localhost:5173/node_modules/.vite/deps/framer-motion.js?v=0234295a:418
[  917734ms] [WARNING] You are trying to animate backgroundColor from "transparent" to "rgba(99, 102, 241, 0.15)". transparent is not an animatable value - to enable this animation set transparent to a value animatable to rgba(99, 102, 241, 0.15) via the `style` property. @ http://localhost:5173/node_modules/.vite/deps/framer-motion.js?v=0234295a:418
[  920697ms] [WARNING] You are trying to animate backgroundColor from "transparent" to "rgba(99, 102, 241, 0.15)". transparent is not an animatable value - to enable this animation set transparent to a value animatable to rgba(99, 102, 241, 0.15) via the `style` property. @ http://localhost:5173/node_modules/.vite/deps/framer-motion.js?v=0234295a:418
[  920698ms] [WARNING] You are trying to animate backgroundColor from "rgba(99, 102, 241, 0.15)" to "transparent". rgba(99, 102, 241, 0.15) is not an animatable value - to enable this animation set rgba(99, 102, 241, 0.15) to a value animatable to transparent via the `style` property. @ http://localhost:5173/node_modules/.vite/deps/framer-motion.js?v=0234295a:418
[  920699ms] [WARNING] You are trying to animate backgroundColor from "transparent" to "rgba(99, 102, 241, 0.15)". transparent is not an animatable value - to enable this animation set transparent to a value animatable to rgba(99, 102, 241, 0.15) via the `style` property. @ http://localhost:5173/node_modules/.vite/deps/framer-motion.js?v=0234295a:418
[  924761ms] [WARNING] You are trying to animate backgroundColor from "rgba(99, 102, 241, 0.15)" to "transparent". rgba(99, 102, 241, 0.15) is not an animatable value - to enable this animation set rgba(99, 102, 241, 0.15) to a value animatable to transparent via the `style` property. @ http://localhost:5173/node_modules/.vite/deps/framer-motion.js?v=0234295a:418
[  924762ms] [WARNING] You are trying to animate backgroundColor from "rgba(99, 102, 241, 0.15)" to "transparent". rgba(99, 102, 241, 0.15) is not an animatable value - to enable this animation set rgba(99, 102, 241, 0.15) to a value animatable to transparent via the `style` property. @ http://localhost:5173/node_modules/.vite/deps/framer-motion.js?v=0234295a:418
[  924762ms] [WARNING] You are trying to animate backgroundColor from "transparent" to "rgba(99, 102, 241, 0.15)". transparent is not an animatable value - to enable this animation set transparent to a value animatable to rgba(99, 102, 241, 0.15) via the `style` property. @ http://localhost:5173/node_modules/.vite/deps/framer-motion.js?v=0234295a:418
[  930858ms] [WARNING] You are trying to animate backgroundColor from "rgba(99, 102, 241, 0.15)" to "transparent". rgba(99, 102, 241, 0.15) is not an animatable value - to enable this animation set rgba(99, 102, 241, 0.15) to a value animatable to transparent via the `style` property. @ http://localhost:5173/node_modules/.vite/deps/framer-motion.js?v=0234295a:418
[  934918ms] [WARNING] You are trying to animate backgroundColor from "transparent" to "rgba(99, 102, 241, 0.15)". transparent is not an animatable value - to enable this animation set transparent to a value animatable to rgba(99, 102, 241, 0.15) via the `style` property. @ http://localhost:5173/node_modules/.vite/deps/framer-motion.js?v=0234295a:418
[  939996ms] [WARNING] You are trying to animate backgroundColor from "rgba(99, 102, 241, 0.15)" to "transparent". rgba(99, 102, 241, 0.15) is not an animatable value - to enable this animation set rgba(99, 102, 241, 0.15) to a value animatable to transparent via the `style` property. @ http://localhost:5173/node_modules/.vite/deps/framer-motion.js?v=0234295a:418
[  939997ms] [WARNING] You are trying to animate backgroundColor from "transparent" to "rgba(99, 102, 241, 0.15)". transparent is not an animatable value - to enable this animation set transparent to a value animatable to rgba(99, 102, 241, 0.15) via the `style` property. @ http://localhost:5173/node_modules/.vite/deps/framer-motion.js?v=0234295a:418
[  943043ms] [WARNING] You are trying to animate backgroundColor from "transparent" to "rgba(99, 102, 241, 0.15)". transparent is not an animatable value - to enable this animation set transparent to a value animatable to rgba(99, 102, 241, 0.15) via the `style` property. @ http://localhost:5173/node_modules/.vite/deps/framer-motion.js?v=0234295a:418
[  943045ms] [WARNING] You are trying to animate backgroundColor from "rgba(99, 102, 241, 0.15)" to "transparent". rgba(99, 102, 241, 0.15) is not an animatable value - to enable this animation set rgba(99, 102, 241, 0.15) to a value animatable to transparent via the `style` property. @ http://localhost:5173/node_modules/.vite/deps/framer-motion.js?v=0234295a:418
[  943046ms] [WARNING] You are trying to animate backgroundColor from "transparent" to "rgba(99, 102, 241, 0.15)". transparent is not an animatable value - to enable this animation set transparent to a value animatable to rgba(99, 102, 241, 0.15) via the `style` property. @ http://localhost:5173/node_modules/.vite/deps/framer-motion.js?v=0234295a:418
[  947107ms] [WARNING] You are trying to animate backgroundColor from "rgba(99, 102, 241, 0.15)" to "transparent". rgba(99, 102, 241, 0.15) is not an animatable value - to enable this animation set rgba(99, 102, 241, 0.15) to a value animatable to transparent via the `style` property. @ http://localhost:5173/node_modules/.vite/deps/framer-motion.js?v=0234295a:418
[  947109ms] [WARNING] You are trying to animate backgroundColor from "rgba(99, 102, 241, 0.15)" to "transparent". rgba(99, 102, 241, 0.15) is not an animatable value - to enable this animation set rgba(99, 102, 241, 0.15) to a value animatable to transparent via the `style` property. @ http://localhost:5173/node_modules/.vite/deps/framer-motion.js?v=0234295a:418
[  947110ms] [WARNING] You are trying to animate backgroundColor from "transparent" to "rgba(99, 102, 241, 0.15)". transparent is not an animatable value - to enable this animation set transparent to a value animatable to rgba(99, 102, 241, 0.15) via the `style` property. @ http://localhost:5173/node_modules/.vite/deps/framer-motion.js?v=0234295a:418
[  954217ms] [WARNING] You are trying to animate backgroundColor from "rgba(99, 102, 241, 0.15)" to "transparent". rgba(99, 102, 241, 0.15) is not an animatable value - to enable this animation set rgba(99, 102, 241, 0.15) to a value animatable to transparent via the `style` property. @ http://localhost:5173/node_modules/.vite/deps/framer-motion.js?v=0234295a:418
[  958279ms] [WARNING] You are trying to animate backgroundColor from "transparent" to "rgba(99, 102, 241, 0.15)". transparent is not an animatable value - to enable this animation set transparent to a value animatable to rgba(99, 102, 241, 0.15) via the `style` property. @ http://localhost:5173/node_modules/.vite/deps/framer-motion.js?v=0234295a:418
[  962342ms] [WARNING] You are trying to animate backgroundColor from "rgba(99, 102, 241, 0.15)" to "transparent". rgba(99, 102, 241, 0.15) is not an animatable value - to enable this animation set rgba(99, 102, 241, 0.15) to a value animatable to transparent via the `style` property. @ http://localhost:5173/node_modules/.vite/deps/framer-motion.js?v=0234295a:418
[  962344ms] [WARNING] You are trying to animate backgroundColor from "transparent" to "rgba(99, 102, 241, 0.15)". transparent is not an animatable value - to enable this animation set transparent to a value animatable to rgba(99, 102, 241, 0.15) via the `style` property. @ http://localhost:5173/node_modules/.vite/deps/framer-motion.js?v=0234295a:418
[  965389ms] [WARNING] You are trying to animate backgroundColor from "transparent" to "rgba(99, 102, 241, 0.15)". transparent is not an animatable value - to enable this animation set transparent to a value animatable to rgba(99, 102, 241, 0.15) via the `style` property. @ http://localhost:5173/node_modules/.vite/deps/framer-motion.js?v=0234295a:418
[  965392ms] [WARNING] You are trying to animate backgroundColor from "rgba(99, 102, 241, 0.15)" to "transparent". rgba(99, 102, 241, 0.15) is not an animatable value - to enable this animation set rgba(99, 102, 241, 0.15) to a value animatable to transparent via the `style` property. @ http://localhost:5173/node_modules/.vite/deps/framer-motion.js?v=0234295a:418
[  965394ms] [WARNING] You are trying to animate backgroundColor from "transparent" to "rgba(99, 102, 241, 0.15)". transparent is not an animatable value - to enable this animation set transparent to a value animatable to rgba(99, 102, 241, 0.15) via the `style` property. @ http://localhost:5173/node_modules/.vite/deps/framer-motion.js?v=0234295a:418
[  969452ms] [WARNING] You are trying to animate backgroundColor from "rgba(99, 102, 241, 0.15)" to "transparent". rgba(99, 102, 241, 0.15) is not an animatable value - to enable this animation set rgba(99, 102, 241, 0.15) to a value animatable to transparent via the `style` property. @ http://localhost:5173/node_modules/.vite/deps/framer-motion.js?v=0234295a:418
[  969453ms] [WARNING] You are trying to animate backgroundColor from "rgba(99, 102, 241, 0.15)" to "transparent". rgba(99, 102, 241, 0.15) is not an animatable value - to enable this animation set rgba(99, 102, 241, 0.15) to a value animatable to transparent via the `style` property. @ http://localhost:5173/node_modules/.vite/deps/framer-motion.js?v=0234295a:418
[  969453ms] [WARNING] You are trying to animate backgroundColor from "transparent" to "rgba(99, 102, 241, 0.15)". transparent is not an animatable value - to enable this animation set transparent to a value animatable to rgba(99, 102, 241, 0.15) via the `style` property. @ http://localhost:5173/node_modules/.vite/deps/framer-motion.js?v=0234295a:418
[  976562ms] [WARNING] You are trying to animate backgroundColor from "rgba(99, 102, 241, 0.15)" to "transparent". rgba(99, 102, 241, 0.15) is not an animatable value - to enable this animation set rgba(99, 102, 241, 0.15) to a value animatable to transparent via the `style` property. @ http://localhost:5173/node_modules/.vite/deps/framer-motion.js?v=0234295a:418
[  980625ms] [WARNING] You are trying to animate backgroundColor from "transparent" to "rgba(99, 102, 241, 0.15)". transparent is not an animatable value - to enable this animation set transparent to a value animatable to rgba(99, 102, 241, 0.15) via the `style` property. @ http://localhost:5173/node_modules/.vite/deps/framer-motion.js?v=0234295a:418
[  985704ms] [WARNING] You are trying to animate backgroundColor from "rgba(99, 102, 241, 0.15)" to "transparent". rgba(99, 102, 241, 0.15) is not an animatable value - to enable this animation set rgba(99, 102, 241, 0.15) to a value animatable to transparent via the `style` property. @ http://localhost:5173/node_modules/.vite/deps/framer-motion.js?v=0234295a:418
[  985704ms] [WARNING] You are trying to animate backgroundColor from "transparent" to "rgba(99, 102, 241, 0.15)". transparent is not an animatable value - to enable this animation set transparent to a value animatable to rgba(99, 102, 241, 0.15) via the `style` property. @ http://localhost:5173/node_modules/.vite/deps/framer-motion.js?v=0234295a:418
[  988751ms] [WARNING] You are trying to animate backgroundColor from "transparent" to "rgba(99, 102, 241, 0.15)". transparent is not an animatable value - to enable this animation set transparent to a value animatable to rgba(99, 102, 241, 0.15) via the `style` property. @ http://localhost:5173/node_modules/.vite/deps/framer-motion.js?v=0234295a:418
[  988752ms] [WARNING] You are trying to animate backgroundColor from "rgba(99, 102, 241, 0.15)" to "transparent". rgba(99, 102, 241, 0.15) is not an animatable value - to enable this animation set rgba(99, 102, 241, 0.15) to a value animatable to transparent via the `style` property. @ http://localhost:5173/node_modules/.vite/deps/framer-motion.js?v=0234295a:418
[  988754ms] [WARNING] You are trying to animate backgroundColor from "transparent" to "rgba(99, 102, 241, 0.15)". transparent is not an animatable value - to enable this animation set transparent to a value animatable to rgba(99, 102, 241, 0.15) via the `style` property. @ http://localhost:5173/node_modules/.vite/deps/framer-motion.js?v=0234295a:418
[  992814ms] [WARNING] You are trying to animate backgroundColor from "rgba(99, 102, 241, 0.15)" to "transparent". rgba(99, 102, 241, 0.15) is not an animatable value - to enable this animation set rgba(99, 102, 241, 0.15) to a value animatable to transparent via the `style` property. @ http://localhost:5173/node_modules/.vite/deps/framer-motion.js?v=0234295a:418
[  992814ms] [WARNING] You are trying to animate backgroundColor from "rgba(99, 102, 241, 0.15)" to "transparent". rgba(99, 102, 241, 0.15) is not an animatable value - to enable this animation set rgba(99, 102, 241, 0.15) to a value animatable to transparent via the `style` property. @ http://localhost:5173/node_modules/.vite/deps/framer-motion.js?v=0234295a:418
[  992882ms] [WARNING] You are trying to animate backgroundColor from "transparent" to "rgba(99, 102, 241, 0.15)". transparent is not an animatable value - to enable this animation set transparent to a value animatable to rgba(99, 102, 241, 0.15) via the `style` property. @ http://localhost:5173/node_modules/.vite/deps/framer-motion.js?v=0234295a:418
[  998957ms] [WARNING] You are trying to animate backgroundColor from "rgba(99, 102, 241, 0.15)" to "transparent". rgba(99, 102, 241, 0.15) is not an animatable value - to enable this animation set rgba(99, 102, 241, 0.15) to a value animatable to transparent via the `style` property. @ http://localhost:5173/node_modules/.vite/deps/framer-motion.js?v=0234295a:418
[ 1002971ms] [WARNING] You are trying to animate backgroundColor from "transparent" to "rgba(99, 102, 241, 0.15)". transparent is not an animatable value - to enable this animation set transparent to a value animatable to rgba(99, 102, 241, 0.15) via the `style` property. @ http://localhost:5173/node_modules/.vite/deps/framer-motion.js?v=0234295a:418
[ 1008049ms] [WARNING] You are trying to animate backgroundColor from "rgba(99, 102, 241, 0.15)" to "transparent". rgba(99, 102, 241, 0.15) is not an animatable value - to enable this animation set rgba(99, 102, 241, 0.15) to a value animatable to transparent via the `style` property. @ http://localhost:5173/node_modules/.vite/deps/framer-motion.js?v=0234295a:418
[ 1008052ms] [WARNING] You are trying to animate backgroundColor from "transparent" to "rgba(99, 102, 241, 0.15)". transparent is not an animatable value - to enable this animation set transparent to a value animatable to rgba(99, 102, 241, 0.15) via the `style` property. @ http://localhost:5173/node_modules/.vite/deps/framer-motion.js?v=0234295a:418
[ 1011096ms] [WARNING] You are trying to animate backgroundColor from "transparent" to "rgba(99, 102, 241, 0.15)". transparent is not an animatable value - to enable this animation set transparent to a value animatable to rgba(99, 102, 241, 0.15) via the `style` property. @ http://localhost:5173/node_modules/.vite/deps/framer-motion.js?v=0234295a:418
[ 1011097ms] [WARNING] You are trying to animate backgroundColor from "rgba(99, 102, 241, 0.15)" to "transparent". rgba(99, 102, 241, 0.15) is not an animatable value - to enable this animation set rgba(99, 102, 241, 0.15) to a value animatable to transparent via the `style` property. @ http://localhost:5173/node_modules/.vite/deps/framer-motion.js?v=0234295a:418
[ 1011097ms] [WARNING] You are trying to animate backgroundColor from "transparent" to "rgba(99, 102, 241, 0.15)". transparent is not an animatable value - to enable this animation set transparent to a value animatable to rgba(99, 102, 241, 0.15) via the `style` property. @ http://localhost:5173/node_modules/.vite/deps/framer-motion.js?v=0234295a:418
[ 1015158ms] [WARNING] You are trying to animate backgroundColor from "rgba(99, 102, 241, 0.15)" to "transparent". rgba(99, 102, 241, 0.15) is not an animatable value - to enable this animation set rgba(99, 102, 241, 0.15) to a value animatable to transparent via the `style` property. @ http://localhost:5173/node_modules/.vite/deps/framer-motion.js?v=0234295a:418
[ 1015159ms] [WARNING] You are trying to animate backgroundColor from "rgba(99, 102, 241, 0.15)" to "transparent". rgba(99, 102, 241, 0.15) is not an animatable value - to enable this animation set rgba(99, 102, 241, 0.15) to a value animatable to transparent via the `style` property. @ http://localhost:5173/node_modules/.vite/deps/framer-motion.js?v=0234295a:418
[ 1015160ms] [WARNING] You are trying to animate backgroundColor from "transparent" to "rgba(99, 102, 241, 0.15)". transparent is not an animatable value - to enable this animation set transparent to a value animatable to rgba(99, 102, 241, 0.15) via the `style` property. @ http://localhost:5173/node_modules/.vite/deps/framer-motion.js?v=0234295a:418
[ 1021254ms] [WARNING] You are trying to animate backgroundColor from "rgba(99, 102, 241, 0.15)" to "transparent". rgba(99, 102, 241, 0.15) is not an animatable value - to enable this animation set rgba(99, 102, 241, 0.15) to a value animatable to transparent via the `style` property. @ http://localhost:5173/node_modules/.vite/deps/framer-motion.js?v=0234295a:418
[ 1025155ms] [WARNING] You are trying to animate backgroundColor from "transparent" to "rgba(99, 102, 241, 0.15)". transparent is not an animatable value - to enable this animation set transparent to a value animatable to rgba(99, 102, 241, 0.15) via the `style` property. @ http://localhost:5173/node_modules/.vite/deps/framer-motion.js?v=0234295a:418
[ 1040010ms] [LOG] Initiating Firebase Google Auth... @ http://localhost:5173/src/pages/Login.tsx:58
[ 1083689ms] [INFO] %cDownload the React DevTools for a better development experience: https://reactjs.org/link/react-devtools font-weight:bold @ http://localhost:5173/node_modules/.vite/deps/react-dom-DZQ9hRBr.js?v=0234295a:17230
[ 1083727ms] [WARNING] ⚠️ React Router Future Flag Warning: React Router will begin wrapping state updates in `React.startTransition` in v7. You can use the `v7_startTransition` future flag to opt-in early. For more information, see https://reactrouter.com/v6/upgrading/future#v7_starttransition. @ http://localhost:5173/node_modules/.vite/deps/react-router-dom.js?v=0234295a:3613
[ 1083727ms] [WARNING] ⚠️ React Router Future Flag Warning: Relative route resolution within Splat routes is changing in v7. You can use the `v7_relativeSplatPath` future flag to opt-in early. For more information, see https://reactrouter.com/v6/upgrading/future#v7_relativesplatpath. @ http://localhost:5173/node_modules/.vite/deps/react-router-dom.js?v=0234295a:3613
[ 1085458ms] [WARNING] You are trying to animate backgroundColor from "rgba(0, 0, 0, 0)" to "transparent". rgba(0, 0, 0, 0) is not an animatable value - to enable this animation set rgba(0, 0, 0, 0) to a value animatable to transparent via the `style` property. @ http://localhost:5173/node_modules/.vite/deps/framer-motion.js?v=0234295a:418
[ 1085459ms] [WARNING] You are trying to animate backgroundColor from "rgba(0, 0, 0, 0)" to "transparent". rgba(0, 0, 0, 0) is not an animatable value - to enable this animation set rgba(0, 0, 0, 0) to a value animatable to transparent via the `style` property. @ http://localhost:5173/node_modules/.vite/deps/framer-motion.js?v=0234295a:418
[ 1085460ms] [WARNING] You are trying to animate backgroundColor from "rgba(0, 0, 0, 0)" to "transparent". rgba(0, 0, 0, 0) is not an animatable value - to enable this animation set rgba(0, 0, 0, 0) to a value animatable to transparent via the `style` property. @ http://localhost:5173/node_modules/.vite/deps/framer-motion.js?v=0234295a:418
[ 1085460ms] [WARNING] You are trying to animate backgroundColor from "rgba(0, 0, 0, 0)" to "transparent". rgba(0, 0, 0, 0) is not an animatable value - to enable this animation set rgba(0, 0, 0, 0) to a value animatable to transparent via the `style` property. @ http://localhost:5173/node_modules/.vite/deps/framer-motion.js?v=0234295a:418
[ 1085463ms] [WARNING] Invalid keyframe value for property filter: blur(-0.11564px) @ http://localhost:5173/node_modules/.vite/deps/framer-motion.js?v=0234295a:4656
[ 1085463ms] [WARNING] Invalid keyframe value for property filter: blur(-0.28399px) @ http://localhost:5173/node_modules/.vite/deps/framer-motion.js?v=0234295a:4656
[ 1085463ms] [WARNING] Invalid keyframe value for property filter: blur(-0.42811px) @ http://localhost:5173/node_modules/.vite/deps/framer-motion.js?v=0234295a:4656
[ 1085464ms] [WARNING] Invalid keyframe value for property filter: blur(-0.54982px) @ http://localhost:5173/node_modules/.vite/deps/framer-motion.js?v=0234295a:4656
[ 1085464ms] [WARNING] Invalid keyframe value for property filter: blur(-0.65089px) @ http://localhost:5173/node_modules/.vite/deps/framer-motion.js?v=0234295a:4656
[ 1085464ms] [WARNING] Invalid keyframe value for property filter: blur(-0.73308px) @ http://localhost:5173/node_modules/.vite/deps/framer-motion.js?v=0234295a:4656
[ 1085464ms] [WARNING] Invalid keyframe value for property filter: blur(-0.79806px) @ http://localhost:5173/node_modules/.vite/deps/framer-motion.js?v=0234295a:4656
[ 1085465ms] [WARNING] Invalid keyframe value for property filter: blur(-0.84747px) @ http://localhost:5173/node_modules/.vite/deps/framer-motion.js?v=0234295a:4656
[ 1085465ms] [WARNING] Invalid keyframe value for property filter: blur(-0.88286px) @ http://localhost:5173/node_modules/.vite/deps/framer-motion.js?v=0234295a:4656
[ 1085465ms] [WARNING] Invalid keyframe value for property filter: blur(-0.90572px) @ http://localhost:5173/node_modules/.vite/deps/framer-motion.js?v=0234295a:4656
[ 1085465ms] [WARNING] Invalid keyframe value for property filter: blur(-0.91745px) @ http://localhost:5173/node_modules/.vite/deps/framer-motion.js?v=0234295a:4656
[ 1085465ms] [WARNING] Invalid keyframe value for property filter: blur(-0.91938px) @ http://localhost:5173/node_modules/.vite/deps/framer-motion.js?v=0234295a:4656
[ 1085465ms] [WARNING] Invalid keyframe value for property filter: blur(-0.91276px) @ http://localhost:5173/node_modules/.vite/deps/framer-motion.js?v=0234295a:4656
[ 1085466ms] [WARNING] Invalid keyframe value for property filter: blur(-0.89873px) @ http://localhost:5173/node_modules/.vite/deps/framer-motion.js?v=0234295a:4656
[ 1085466ms] [WARNING] Invalid keyframe value for property filter: blur(-0.87839px) @ http://localhost:5173/node_modules/.vite/deps/framer-motion.js?v=0234295a:4656
[ 1085466ms] [WARNING] Invalid keyframe value for property filter: blur(-0.85273px) @ http://localhost:5173/node_modules/.vite/deps/framer-motion.js?v=0234295a:4656
[ 1085467ms] [WARNING] Invalid keyframe value for property filter: blur(-0.82267px) @ http://localhost:5173/node_modules/.vite/deps/framer-motion.js?v=0234295a:4656
[ 1085467ms] [WARNING] Invalid keyframe value for property filter: blur(-0.78904px) @ http://localhost:5173/node_modules/.vite/deps/framer-motion.js?v=0234295a:4656
[ 1085467ms] [WARNING] Invalid keyframe value for property filter: blur(-0.7526px) @ http://localhost:5173/node_modules/.vite/deps/framer-motion.js?v=0234295a:4656
[ 1085467ms] [WARNING] Invalid keyframe value for property filter: blur(-0.71406px) @ http://localhost:5173/node_modules/.vite/deps/framer-motion.js?v=0234295a:4656
[ 1085467ms] [WARNING] Invalid keyframe value for property filter: blur(-0.67402px) @ http://localhost:5173/node_modules/.vite/deps/framer-motion.js?v=0234295a:4656
[ 1085468ms] [WARNING] Invalid keyframe value for property filter: blur(-0.63304px) @ http://localhost:5173/node_modules/.vite/deps/framer-motion.js?v=0234295a:4656
[ 1085468ms] [WARNING] Invalid keyframe value for property filter: blur(-0.59161px) @ http://localhost:5173/node_modules/.vite/deps/framer-motion.js?v=0234295a:4656
[ 1085468ms] [WARNING] Invalid keyframe value for property filter: blur(-0.55017px) @ http://localhost:5173/node_modules/.vite/deps/framer-motion.js?v=0234295a:4656
[ 1085468ms] [WARNING] Invalid keyframe value for property filter: blur(-0.50909px) @ http://localhost:5173/node_modules/.vite/deps/framer-motion.js?v=0234295a:4656
[ 1085469ms] [WARNING] Invalid keyframe value for property filter: blur(-0.4687px) @ http://localhost:5173/node_modules/.vite/deps/framer-motion.js?v=0234295a:4656
[ 1085469ms] [WARNING] Invalid keyframe value for property filter: blur(-0.42927px) @ http://localhost:5173/node_modules/.vite/deps/framer-motion.js?v=0234295a:4656
[ 1085469ms] [WARNING] Invalid keyframe value for property filter: blur(-0.39103px) @ http://localhost:5173/node_modules/.vite/deps/framer-motion.js?v=0234295a:4656
[ 1085470ms] [WARNING] Invalid keyframe value for property filter: blur(-0.35418px) @ http://localhost:5173/node_modules/.vite/deps/framer-motion.js?v=0234295a:4656
[ 1085470ms] [WARNING] Invalid keyframe value for property filter: blur(-0.31887px) @ http://localhost:5173/node_modules/.vite/deps/framer-motion.js?v=0234295a:4656
[ 1085470ms] [WARNING] Invalid keyframe value for property filter: blur(-0.28522px) @ http://localhost:5173/node_modules/.vite/deps/framer-motion.js?v=0234295a:4656
[ 1085470ms] [WARNING] Invalid keyframe value for property filter: blur(-0.25333px) @ http://localhost:5173/node_modules/.vite/deps/framer-motion.js?v=0234295a:4656
[ 1085471ms] [WARNING] Invalid keyframe value for property filter: blur(-0.22325px) @ http://localhost:5173/node_modules/.vite/deps/framer-motion.js?v=0234295a:4656
[ 1085471ms] [WARNING] Invalid keyframe value for property filter: blur(-0.19502px) @ http://localhost:5173/node_modules/.vite/deps/framer-motion.js?v=0234295a:4656
[ 1085471ms] [WARNING] Invalid keyframe value for property filter: blur(-0.16867px) @ http://localhost:5173/node_modules/.vite/deps/framer-motion.js?v=0234295a:4656
[ 1085471ms] [WARNING] Invalid keyframe value for property filter: blur(-0.14418px) @ http://localhost:5173/node_modules/.vite/deps/framer-motion.js?v=0234295a:4656
[ 1085472ms] [WARNING] Invalid keyframe value for property filter: blur(-0.12154px) @ http://localhost:5173/node_modules/.vite/deps/framer-motion.js?v=0234295a:4656
[ 1085472ms] [WARNING] Invalid keyframe value for property filter: blur(-0.10071px) @ http://localhost:5173/node_modules/.vite/deps/framer-motion.js?v=0234295a:4656
[ 1085472ms] [WARNING] Invalid keyframe value for property filter: blur(-0.08166px) @ http://localhost:5173/node_modules/.vite/deps/framer-motion.js?v=0234295a:4656
[ 1085472ms] [WARNING] Invalid keyframe value for property filter: blur(-0.06432px) @ http://localhost:5173/node_modules/.vite/deps/framer-motion.js?v=0234295a:4656
[ 1085472ms] [WARNING] Invalid keyframe value for property filter: blur(-0.04862px) @ http://localhost:5173/node_modules/.vite/deps/framer-motion.js?v=0234295a:4656
[ 1085473ms] [WARNING] Invalid keyframe value for property filter: blur(-0.03451px) @ http://localhost:5173/node_modules/.vite/deps/framer-motion.js?v=0234295a:4656
[ 1085473ms] [WARNING] Invalid keyframe value for property filter: blur(-0.02191px) @ http://localhost:5173/node_modules/.vite/deps/framer-motion.js?v=0234295a:4656
[ 1085473ms] [WARNING] Invalid keyframe value for property filter: blur(-0.01072px) @ http://localhost:5173/node_modules/.vite/deps/framer-motion.js?v=0234295a:4656
[ 1085473ms] [WARNING] Invalid keyframe value for property filter: blur(-0.00088px) @ http://localhost:5173/node_modules/.vite/deps/framer-motion.js?v=0234295a:4656
[ 1091390ms] [WARNING] You are trying to animate backgroundColor from "rgba(99, 102, 241, 0.15)" to "transparent". rgba(99, 102, 241, 0.15) is not an animatable value - to enable this animation set rgba(99, 102, 241, 0.15) to a value animatable to transparent via the `style` property. @ http://localhost:5173/node_modules/.vite/deps/framer-motion.js?v=0234295a:418
[ 1091391ms] [WARNING] You are trying to animate backgroundColor from "transparent" to "rgba(99, 102, 241, 0.15)". transparent is not an animatable value - to enable this animation set transparent to a value animatable to rgba(99, 102, 241, 0.15) via the `style` property. @ http://localhost:5173/node_modules/.vite/deps/framer-motion.js?v=0234295a:418
[ 1094434ms] [WARNING] You are trying to animate backgroundColor from "transparent" to "rgba(99, 102, 241, 0.15)". transparent is not an animatable value - to enable this animation set transparent to a value animatable to rgba(99, 102, 241, 0.15) via the `style` property. @ http://localhost:5173/node_modules/.vite/deps/framer-motion.js?v=0234295a:418
[ 1094436ms] [WARNING] You are trying to animate backgroundColor from "rgba(99, 102, 241, 0.15)" to "transparent". rgba(99, 102, 241, 0.15) is not an animatable value - to enable this animation set rgba(99, 102, 241, 0.15) to a value animatable to transparent via the `style` property. @ http://localhost:5173/node_modules/.vite/deps/framer-motion.js?v=0234295a:418
[ 1094437ms] [WARNING] You are trying to animate backgroundColor from "transparent" to "rgba(99, 102, 241, 0.15)". transparent is not an animatable value - to enable this animation set transparent to a value animatable to rgba(99, 102, 241, 0.15) via the `style` property. @ http://localhost:5173/node_modules/.vite/deps/framer-motion.js?v=0234295a:418
[ 1098497ms] [WARNING] You are trying to animate backgroundColor from "rgba(99, 102, 241, 0.15)" to "transparent". rgba(99, 102, 241, 0.15) is not an animatable value - to enable this animation set rgba(99, 102, 241, 0.15) to a value animatable to transparent via the `style` property. @ http://localhost:5173/node_modules/.vite/deps/framer-motion.js?v=0234295a:418
[ 1098499ms] [WARNING] You are trying to animate backgroundColor from "rgba(99, 102, 241, 0.15)" to "transparent". rgba(99, 102, 241, 0.15) is not an animatable value - to enable this animation set rgba(99, 102, 241, 0.15) to a value animatable to transparent via the `style` property. @ http://localhost:5173/node_modules/.vite/deps/framer-motion.js?v=0234295a:418
[ 1098500ms] [WARNING] You are trying to animate backgroundColor from "transparent" to "rgba(99, 102, 241, 0.15)". transparent is not an animatable value - to enable this animation set transparent to a value animatable to rgba(99, 102, 241, 0.15) via the `style` property. @ http://localhost:5173/node_modules/.vite/deps/framer-motion.js?v=0234295a:418
[ 1104592ms] [WARNING] You are trying to animate backgroundColor from "rgba(99, 102, 241, 0.15)" to "transparent". rgba(99, 102, 241, 0.15) is not an animatable value - to enable this animation set rgba(99, 102, 241, 0.15) to a value animatable to transparent via the `style` property. @ http://localhost:5173/node_modules/.vite/deps/framer-motion.js?v=0234295a:418
[ 1108655ms] [WARNING] You are trying to animate backgroundColor from "transparent" to "rgba(99, 102, 241, 0.15)". transparent is not an animatable value - to enable this animation set transparent to a value animatable to rgba(99, 102, 241, 0.15) via the `style` property. @ http://localhost:5173/node_modules/.vite/deps/framer-motion.js?v=0234295a:418
[ 1113734ms] [WARNING] You are trying to animate backgroundColor from "rgba(99, 102, 241, 0.15)" to "transparent". rgba(99, 102, 241, 0.15) is not an animatable value - to enable this animation set rgba(99, 102, 241, 0.15) to a value animatable to transparent via the `style` property. @ http://localhost:5173/node_modules/.vite/deps/framer-motion.js?v=0234295a:418
[ 1113743ms] [WARNING] You are trying to animate backgroundColor from "transparent" to "rgba(99, 102, 241, 0.15)". transparent is not an animatable value - to enable this animation set transparent to a value animatable to rgba(99, 102, 241, 0.15) via the `style` property. @ http://localhost:5173/node_modules/.vite/deps/framer-motion.js?v=0234295a:418
[ 1116780ms] [WARNING] You are trying to animate backgroundColor from "transparent" to "rgba(99, 102, 241, 0.15)". transparent is not an animatable value - to enable this animation set transparent to a value animatable to rgba(99, 102, 241, 0.15) via the `style` property. @ http://localhost:5173/node_modules/.vite/deps/framer-motion.js?v=0234295a:418
[ 1116785ms] [WARNING] You are trying to animate backgroundColor from "rgba(99, 102, 241, 0.15)" to "transparent". rgba(99, 102, 241, 0.15) is not an animatable value - to enable this animation set rgba(99, 102, 241, 0.15) to a value animatable to transparent via the `style` property. @ http://localhost:5173/node_modules/.vite/deps/framer-motion.js?v=0234295a:418
[ 1116787ms] [WARNING] You are trying to animate backgroundColor from "transparent" to "rgba(99, 102, 241, 0.15)". transparent is not an animatable value - to enable this animation set transparent to a value animatable to rgba(99, 102, 241, 0.15) via the `style` property. @ http://localhost:5173/node_modules/.vite/deps/framer-motion.js?v=0234295a:418
[ 1120843ms] [WARNING] You are trying to animate backgroundColor from "rgba(99, 102, 241, 0.15)" to "transparent". rgba(99, 102, 241, 0.15) is not an animatable value - to enable this animation set rgba(99, 102, 241, 0.15) to a value animatable to transparent via the `style` property. @ http://localhost:5173/node_modules/.vite/deps/framer-motion.js?v=0234295a:418
[ 1120844ms] [WARNING] You are trying to animate backgroundColor from "rgba(99, 102, 241, 0.15)" to "transparent". rgba(99, 102, 241, 0.15) is not an animatable value - to enable this animation set rgba(99, 102, 241, 0.15) to a value animatable to transparent via the `style` property. @ http://localhost:5173/node_modules/.vite/deps/framer-motion.js?v=0234295a:418
[ 1120844ms] [WARNING] You are trying to animate backgroundColor from "transparent" to "rgba(99, 102, 241, 0.15)". transparent is not an animatable value - to enable this animation set transparent to a value animatable to rgba(99, 102, 241, 0.15) via the `style` property. @ http://localhost:5173/node_modules/.vite/deps/framer-motion.js?v=0234295a:418
[ 1126937ms] [WARNING] You are trying to animate backgroundColor from "rgba(99, 102, 241, 0.15)" to "transparent". rgba(99, 102, 241, 0.15) is not an animatable value - to enable this animation set rgba(99, 102, 241, 0.15) to a value animatable to transparent via the `style` property. @ http://localhost:5173/node_modules/.vite/deps/framer-motion.js?v=0234295a:418
[ 1131003ms] [WARNING] You are trying to animate backgroundColor from "transparent" to "rgba(99, 102, 241, 0.15)". transparent is not an animatable value - to enable this animation set transparent to a value animatable to rgba(99, 102, 241, 0.15) via the `style` property. @ http://localhost:5173/node_modules/.vite/deps/framer-motion.js?v=0234295a:418
[ 1136086ms] [WARNING] You are trying to animate backgroundColor from "rgba(99, 102, 241, 0.15)" to "transparent". rgba(99, 102, 241, 0.15) is not an animatable value - to enable this animation set rgba(99, 102, 241, 0.15) to a value animatable to transparent via the `style` property. @ http://localhost:5173/node_modules/.vite/deps/framer-motion.js?v=0234295a:418
[ 1136087ms] [WARNING] You are trying to animate backgroundColor from "transparent" to "rgba(99, 102, 241, 0.15)". transparent is not an animatable value - to enable this animation set transparent to a value animatable to rgba(99, 102, 241, 0.15) via the `style` property. @ http://localhost:5173/node_modules/.vite/deps/framer-motion.js?v=0234295a:418
[ 1139128ms] [WARNING] You are trying to animate backgroundColor from "transparent" to "rgba(99, 102, 241, 0.15)". transparent is not an animatable value - to enable this animation set transparent to a value animatable to rgba(99, 102, 241, 0.15) via the `style` property. @ http://localhost:5173/node_modules/.vite/deps/framer-motion.js?v=0234295a:418
[ 1139129ms] [WARNING] You are trying to animate backgroundColor from "rgba(99, 102, 241, 0.15)" to "transparent". rgba(99, 102, 241, 0.15) is not an animatable value - to enable this animation set rgba(99, 102, 241, 0.15) to a value animatable to transparent via the `style` property. @ http://localhost:5173/node_modules/.vite/deps/framer-motion.js?v=0234295a:418
[ 1139131ms] [WARNING] You are trying to animate backgroundColor from "transparent" to "rgba(99, 102, 241, 0.15)". transparent is not an animatable value - to enable this animation set transparent to a value animatable to rgba(99, 102, 241, 0.15) via the `style` property. @ http://localhost:5173/node_modules/.vite/deps/framer-motion.js?v=0234295a:418
[ 1143188ms] [WARNING] You are trying to animate backgroundColor from "rgba(99, 102, 241, 0.15)" to "transparent". rgba(99, 102, 241, 0.15) is not an animatable value - to enable this animation set rgba(99, 102, 241, 0.15) to a value animatable to transparent via the `style` property. @ http://localhost:5173/node_modules/.vite/deps/framer-motion.js?v=0234295a:418
[ 1143189ms] [WARNING] You are trying to animate backgroundColor from "rgba(99, 102, 241, 0.15)" to "transparent". rgba(99, 102, 241, 0.15) is not an animatable value - to enable this animation set rgba(99, 102, 241, 0.15) to a value animatable to transparent via the `style` property. @ http://localhost:5173/node_modules/.vite/deps/framer-motion.js?v=0234295a:418
[ 1143190ms] [WARNING] You are trying to animate backgroundColor from "transparent" to "rgba(99, 102, 241, 0.15)". transparent is not an animatable value - to enable this animation set transparent to a value animatable to rgba(99, 102, 241, 0.15) via the `style` property. @ http://localhost:5173/node_modules/.vite/deps/framer-motion.js?v=0234295a:418
[ 1150299ms] [WARNING] You are trying to animate backgroundColor from "rgba(99, 102, 241, 0.15)" to "transparent". rgba(99, 102, 241, 0.15) is not an animatable value - to enable this animation set rgba(99, 102, 241, 0.15) to a value animatable to transparent via the `style` property. @ http://localhost:5173/node_modules/.vite/deps/framer-motion.js?v=0234295a:418
[ 1154362ms] [WARNING] You are trying to animate backgroundColor from "transparent" to "rgba(99, 102, 241, 0.15)". transparent is not an animatable value - to enable this animation set transparent to a value animatable to rgba(99, 102, 241, 0.15) via the `style` property. @ http://localhost:5173/node_modules/.vite/deps/framer-motion.js?v=0234295a:418
[ 1159444ms] [WARNING] You are trying to animate backgroundColor from "rgba(99, 102, 241, 0.15)" to "transparent". rgba(99, 102, 241, 0.15) is not an animatable value - to enable this animation set rgba(99, 102, 241, 0.15) to a value animatable to transparent via the `style` property. @ http://localhost:5173/node_modules/.vite/deps/framer-motion.js?v=0234295a:418
[ 1159445ms] [WARNING] You are trying to animate backgroundColor from "transparent" to "rgba(99, 102, 241, 0.15)". transparent is not an animatable value - to enable this animation set transparent to a value animatable to rgba(99, 102, 241, 0.15) via the `style` property. @ http://localhost:5173/node_modules/.vite/deps/framer-motion.js?v=0234295a:418
[ 1162487ms] [WARNING] You are trying to animate backgroundColor from "transparent" to "rgba(99, 102, 241, 0.15)". transparent is not an animatable value - to enable this animation set transparent to a value animatable to rgba(99, 102, 241, 0.15) via the `style` property. @ http://localhost:5173/node_modules/.vite/deps/framer-motion.js?v=0234295a:418
[ 1162492ms] [WARNING] You are trying to animate backgroundColor from "rgba(99, 102, 241, 0.15)" to "transparent". rgba(99, 102, 241, 0.15) is not an animatable value - to enable this animation set rgba(99, 102, 241, 0.15) to a value animatable to transparent via the `style` property. @ http://localhost:5173/node_modules/.vite/deps/framer-motion.js?v=0234295a:418
[ 1162492ms] [WARNING] You are trying to animate backgroundColor from "transparent" to "rgba(99, 102, 241, 0.15)". transparent is not an animatable value - to enable this animation set transparent to a value animatable to rgba(99, 102, 241, 0.15) via the `style` property. @ http://localhost:5173/node_modules/.vite/deps/framer-motion.js?v=0234295a:418
[ 1166553ms] [WARNING] You are trying to animate backgroundColor from "rgba(99, 102, 241, 0.15)" to "transparent". rgba(99, 102, 241, 0.15) is not an animatable value - to enable this animation set rgba(99, 102, 241, 0.15) to a value animatable to transparent via the `style` property. @ http://localhost:5173/node_modules/.vite/deps/framer-motion.js?v=0234295a:418
[ 1166559ms] [WARNING] You are trying to animate backgroundColor from "rgba(99, 102, 241, 0.15)" to "transparent". rgba(99, 102, 241, 0.15) is not an animatable value - to enable this animation set rgba(99, 102, 241, 0.15) to a value animatable to transparent via the `style` property. @ http://localhost:5173/node_modules/.vite/deps/framer-motion.js?v=0234295a:418
[ 1166561ms] [WARNING] You are trying to animate backgroundColor from "transparent" to "rgba(99, 102, 241, 0.15)". transparent is not an animatable value - to enable this animation set transparent to a value animatable to rgba(99, 102, 241, 0.15) via the `style` property. @ http://localhost:5173/node_modules/.vite/deps/framer-motion.js?v=0234295a:418
[ 1172644ms] [WARNING] You are trying to animate backgroundColor from "rgba(99, 102, 241, 0.15)" to "transparent". rgba(99, 102, 241, 0.15) is not an animatable value - to enable this animation set rgba(99, 102, 241, 0.15) to a value animatable to transparent via the `style` property. @ http://localhost:5173/node_modules/.vite/deps/framer-motion.js?v=0234295a:418
[ 1176708ms] [WARNING] You are trying to animate backgroundColor from "transparent" to "rgba(99, 102, 241, 0.15)". transparent is not an animatable value - to enable this animation set transparent to a value animatable to rgba(99, 102, 241, 0.15) via the `style` property. @ http://localhost:5173/node_modules/.vite/deps/framer-motion.js?v=0234295a:418
[ 1181789ms] [WARNING] You are trying to animate backgroundColor from "rgba(99, 102, 241, 0.15)" to "transparent". rgba(99, 102, 241, 0.15) is not an animatable value - to enable this animation set rgba(99, 102, 241, 0.15) to a value animatable to transparent via the `style` property. @ http://localhost:5173/node_modules/.vite/deps/framer-motion.js?v=0234295a:418
[ 1181792ms] [WARNING] You are trying to animate backgroundColor from "transparent" to "rgba(99, 102, 241, 0.15)". transparent is not an animatable value - to enable this animation set transparent to a value animatable to rgba(99, 102, 241, 0.15) via the `style` property. @ http://localhost:5173/node_modules/.vite/deps/framer-motion.js?v=0234295a:418
[ 1184832ms] [WARNING] You are trying to animate backgroundColor from "transparent" to "rgba(99, 102, 241, 0.15)". transparent is not an animatable value - to enable this animation set transparent to a value animatable to rgba(99, 102, 241, 0.15) via the `style` property. @ http://localhost:5173/node_modules/.vite/deps/framer-motion.js?v=0234295a:418
[ 1184833ms] [WARNING] You are trying to animate backgroundColor from "rgba(99, 102, 241, 0.15)" to "transparent". rgba(99, 102, 241, 0.15) is not an animatable value - to enable this animation set rgba(99, 102, 241, 0.15) to a value animatable to transparent via the `style` property. @ http://localhost:5173/node_modules/.vite/deps/framer-motion.js?v=0234295a:418
[ 1184834ms] [WARNING] You are trying to animate backgroundColor from "transparent" to "rgba(99, 102, 241, 0.15)". transparent is not an animatable value - to enable this animation set transparent to a value animatable to rgba(99, 102, 241, 0.15) via the `style` property. @ http://localhost:5173/node_modules/.vite/deps/framer-motion.js?v=0234295a:418
[ 1188900ms] [WARNING] You are trying to animate backgroundColor from "rgba(99, 102, 241, 0.15)" to "transparent". rgba(99, 102, 241, 0.15) is not an animatable value - to enable this animation set rgba(99, 102, 241, 0.15) to a value animatable to transparent via the `style` property. @ http://localhost:5173/node_modules/.vite/deps/framer-motion.js?v=0234295a:418
[ 1188928ms] [WARNING] You are trying to animate backgroundColor from "rgba(99, 102, 241, 0.15)" to "transparent". rgba(99, 102, 241, 0.15) is not an animatable value - to enable this animation set rgba(99, 102, 241, 0.15) to a value animatable to transparent via the `style` property. @ http://localhost:5173/node_modules/.vite/deps/framer-motion.js?v=0234295a:418
[ 1188931ms] [WARNING] You are trying to animate backgroundColor from "transparent" to "rgba(99, 102, 241, 0.15)". transparent is not an animatable value - to enable this animation set transparent to a value animatable to rgba(99, 102, 241, 0.15) via the `style` property. @ http://localhost:5173/node_modules/.vite/deps/framer-motion.js?v=0234295a:418
[ 1194990ms] [WARNING] You are trying to animate backgroundColor from "rgba(99, 102, 241, 0.15)" to "transparent". rgba(99, 102, 241, 0.15) is not an animatable value - to enable this animation set rgba(99, 102, 241, 0.15) to a value animatable to transparent via the `style` property. @ http://localhost:5173/node_modules/.vite/deps/framer-motion.js?v=0234295a:418
[ 1199054ms] [WARNING] You are trying to animate backgroundColor from "transparent" to "rgba(99, 102, 241, 0.15)". transparent is not an animatable value - to enable this animation set transparent to a value animatable to rgba(99, 102, 241, 0.15) via the `style` property. @ http://localhost:5173/node_modules/.vite/deps/framer-motion.js?v=0234295a:418
[ 1204213ms] [WARNING] You are trying to animate backgroundColor from "rgba(99, 102, 241, 0.15)" to "transparent". rgba(99, 102, 241, 0.15) is not an animatable value - to enable this animation set rgba(99, 102, 241, 0.15) to a value animatable to transparent via the `style` property. @ http://localhost:5173/node_modules/.vite/deps/framer-motion.js?v=0234295a:418
[ 1204242ms] [WARNING] You are trying to animate backgroundColor from "transparent" to "rgba(99, 102, 241, 0.15)". transparent is not an animatable value - to enable this animation set transparent to a value animatable to rgba(99, 102, 241, 0.15) via the `style` property. @ http://localhost:5173/node_modules/.vite/deps/framer-motion.js?v=0234295a:418
[ 1207178ms] [WARNING] You are trying to animate backgroundColor from "transparent" to "rgba(99, 102, 241, 0.15)". transparent is not an animatable value - to enable this animation set transparent to a value animatable to rgba(99, 102, 241, 0.15) via the `style` property. @ http://localhost:5173/node_modules/.vite/deps/framer-motion.js?v=0234295a:418
[ 1207179ms] [WARNING] You are trying to animate backgroundColor from "rgba(99, 102, 241, 0.15)" to "transparent". rgba(99, 102, 241, 0.15) is not an animatable value - to enable this animation set rgba(99, 102, 241, 0.15) to a value animatable to transparent via the `style` property. @ http://localhost:5173/node_modules/.vite/deps/framer-motion.js?v=0234295a:418
[ 1207180ms] [WARNING] You are trying to animate backgroundColor from "transparent" to "rgba(99, 102, 241, 0.15)". transparent is not an animatable value - to enable this animation set transparent to a value animatable to rgba(99, 102, 241, 0.15) via the `style` property. @ http://localhost:5173/node_modules/.vite/deps/framer-motion.js?v=0234295a:418
[ 1211288ms] [WARNING] You are trying to animate backgroundColor from "rgba(99, 102, 241, 0.15)" to "transparent". rgba(99, 102, 241, 0.15) is not an animatable value - to enable this animation set rgba(99, 102, 241, 0.15) to a value animatable to transparent via the `style` property. @ http://localhost:5173/node_modules/.vite/deps/framer-motion.js?v=0234295a:418
[ 1211293ms] [WARNING] You are trying to animate backgroundColor from "rgba(99, 102, 241, 0.15)" to "transparent". rgba(99, 102, 241, 0.15) is not an animatable value - to enable this animation set rgba(99, 102, 241, 0.15) to a value animatable to transparent via the `style` property. @ http://localhost:5173/node_modules/.vite/deps/framer-motion.js?v=0234295a:418
[ 1211294ms] [WARNING] You are trying to animate backgroundColor from "transparent" to "rgba(99, 102, 241, 0.15)". transparent is not an animatable value - to enable this animation set transparent to a value animatable to rgba(99, 102, 241, 0.15) via the `style` property. @ http://localhost:5173/node_modules/.vite/deps/framer-motion.js?v=0234295a:418
[ 1218352ms] [WARNING] You are trying to animate backgroundColor from "rgba(99, 102, 241, 0.15)" to "transparent". rgba(99, 102, 241, 0.15) is not an animatable value - to enable this animation set rgba(99, 102, 241, 0.15) to a value animatable to transparent via the `style` property. @ http://localhost:5173/node_modules/.vite/deps/framer-motion.js?v=0234295a:418
[ 1222415ms] [WARNING] You are trying to animate backgroundColor from "transparent" to "rgba(99, 102, 241, 0.15)". transparent is not an animatable value - to enable this animation set transparent to a value animatable to rgba(99, 102, 241, 0.15) via the `style` property. @ http://localhost:5173/node_modules/.vite/deps/framer-motion.js?v=0234295a:418
[ 1227495ms] [WARNING] You are trying to animate backgroundColor from "rgba(99, 102, 241, 0.15)" to "transparent". rgba(99, 102, 241, 0.15) is not an animatable value - to enable this animation set rgba(99, 102, 241, 0.15) to a value animatable to transparent via the `style` property. @ http://localhost:5173/node_modules/.vite/deps/framer-motion.js?v=0234295a:418
[ 1227496ms] [WARNING] You are trying to animate backgroundColor from "transparent" to "rgba(99, 102, 241, 0.15)". transparent is not an animatable value - to enable this animation set transparent to a value animatable to rgba(99, 102, 241, 0.15) via the `style` property. @ http://localhost:5173/node_modules/.vite/deps/framer-motion.js?v=0234295a:418
[ 1230540ms] [WARNING] You are trying to animate backgroundColor from "transparent" to "rgba(99, 102, 241, 0.15)". transparent is not an animatable value - to enable this animation set transparent to a value animatable to rgba(99, 102, 241, 0.15) via the `style` property. @ http://localhost:5173/node_modules/.vite/deps/framer-motion.js?v=0234295a:418
[ 1230544ms] [WARNING] You are trying to animate backgroundColor from "rgba(99, 102, 241, 0.15)" to "transparent". rgba(99, 102, 241, 0.15) is not an animatable value - to enable this animation set rgba(99, 102, 241, 0.15) to a value animatable to transparent via the `style` property. @ http://localhost:5173/node_modules/.vite/deps/framer-motion.js?v=0234295a:418
[ 1230546ms] [WARNING] You are trying to animate backgroundColor from "transparent" to "rgba(99, 102, 241, 0.15)". transparent is not an animatable value - to enable this animation set transparent to a value animatable to rgba(99, 102, 241, 0.15) via the `style` property. @ http://localhost:5173/node_modules/.vite/deps/framer-motion.js?v=0234295a:418
[ 1234603ms] [WARNING] You are trying to animate backgroundColor from "rgba(99, 102, 241, 0.15)" to "transparent". rgba(99, 102, 241, 0.15) is not an animatable value - to enable this animation set rgba(99, 102, 241, 0.15) to a value animatable to transparent via the `style` property. @ http://localhost:5173/node_modules/.vite/deps/framer-motion.js?v=0234295a:418
[ 1234605ms] [WARNING] You are trying to animate backgroundColor from "rgba(99, 102, 241, 0.15)" to "transparent". rgba(99, 102, 241, 0.15) is not an animatable value - to enable this animation set rgba(99, 102, 241, 0.15) to a value animatable to transparent via the `style` property. @ http://localhost:5173/node_modules/.vite/deps/framer-motion.js?v=0234295a:418
[ 1234608ms] [WARNING] You are trying to animate backgroundColor from "transparent" to "rgba(99, 102, 241, 0.15)". transparent is not an animatable value - to enable this animation set transparent to a value animatable to rgba(99, 102, 241, 0.15) via the `style` property. @ http://localhost:5173/node_modules/.vite/deps/framer-motion.js?v=0234295a:418
[ 1240812ms] [WARNING] You are trying to animate backgroundColor from "rgba(99, 102, 241, 0.15)" to "transparent". rgba(99, 102, 241, 0.15) is not an animatable value - to enable this animation set rgba(99, 102, 241, 0.15) to a value animatable to transparent via the `style` property. @ http://localhost:5173/node_modules/.vite/deps/framer-motion.js?v=0234295a:418
[ 1244744ms] [WARNING] You are trying to animate backgroundColor from "transparent" to "rgba(99, 102, 241, 0.15)". transparent is not an animatable value - to enable this animation set transparent to a value animatable to rgba(99, 102, 241, 0.15) via the `style` property. @ http://localhost:5173/node_modules/.vite/deps/framer-motion.js?v=0234295a:418
[ 1249821ms] [WARNING] You are trying to animate backgroundColor from "rgba(99, 102, 241, 0.15)" to "transparent". rgba(99, 102, 241, 0.15) is not an animatable value - to enable this animation set rgba(99, 102, 241, 0.15) to a value animatable to transparent via the `style` property. @ http://localhost:5173/node_modules/.vite/deps/framer-motion.js?v=0234295a:418
[ 1249822ms] [WARNING] You are trying to animate backgroundColor from "transparent" to "rgba(99, 102, 241, 0.15)". transparent is not an animatable value - to enable this animation set transparent to a value animatable to rgba(99, 102, 241, 0.15) via the `style` property. @ http://localhost:5173/node_modules/.vite/deps/framer-motion.js?v=0234295a:418
[ 1252869ms] [WARNING] You are trying to animate backgroundColor from "transparent" to "rgba(99, 102, 241, 0.15)". transparent is not an animatable value - to enable this animation set transparent to a value animatable to rgba(99, 102, 241, 0.15) via the `style` property. @ http://localhost:5173/node_modules/.vite/deps/framer-motion.js?v=0234295a:418
[ 1252871ms] [WARNING] You are trying to animate backgroundColor from "rgba(99, 102, 241, 0.15)" to "transparent". rgba(99, 102, 241, 0.15) is not an animatable value - to enable this animation set rgba(99, 102, 241, 0.15) to a value animatable to transparent via the `style` property. @ http://localhost:5173/node_modules/.vite/deps/framer-motion.js?v=0234295a:418
[ 1252875ms] [WARNING] You are trying to animate backgroundColor from "transparent" to "rgba(99, 102, 241, 0.15)". transparent is not an animatable value - to enable this animation set transparent to a value animatable to rgba(99, 102, 241, 0.15) via the `style` property. @ http://localhost:5173/node_modules/.vite/deps/framer-motion.js?v=0234295a:418
[ 1256931ms] [WARNING] You are trying to animate backgroundColor from "rgba(99, 102, 241, 0.15)" to "transparent". rgba(99, 102, 241, 0.15) is not an animatable value - to enable this animation set rgba(99, 102, 241, 0.15) to a value animatable to transparent via the `style` property. @ http://localhost:5173/node_modules/.vite/deps/framer-motion.js?v=0234295a:418
[ 1256931ms] [WARNING] You are trying to animate backgroundColor from "rgba(99, 102, 241, 0.15)" to "transparent". rgba(99, 102, 241, 0.15) is not an animatable value - to enable this animation set rgba(99, 102, 241, 0.15) to a value animatable to transparent via the `style` property. @ http://localhost:5173/node_modules/.vite/deps/framer-motion.js?v=0234295a:418
[ 1256932ms] [WARNING] You are trying to animate backgroundColor from "transparent" to "rgba(99, 102, 241, 0.15)". transparent is not an animatable value - to enable this animation set transparent to a value animatable to rgba(99, 102, 241, 0.15) via the `style` property. @ http://localhost:5173/node_modules/.vite/deps/framer-motion.js?v=0234295a:418
[ 1263027ms] [WARNING] You are trying to animate backgroundColor from "rgba(99, 102, 241, 0.15)" to "transparent". rgba(99, 102, 241, 0.15) is not an animatable value - to enable this animation set rgba(99, 102, 241, 0.15) to a value animatable to transparent via the `style` property. @ http://localhost:5173/node_modules/.vite/deps/framer-motion.js?v=0234295a:418
[ 1267090ms] [WARNING] You are trying to animate backgroundColor from "transparent" to "rgba(99, 102, 241, 0.15)". transparent is not an animatable value - to enable this animation set transparent to a value animatable to rgba(99, 102, 241, 0.15) via the `style` property. @ http://localhost:5173/node_modules/.vite/deps/framer-motion.js?v=0234295a:418
[ 1272168ms] [WARNING] You are trying to animate backgroundColor from "rgba(99, 102, 241, 0.15)" to "transparent". rgba(99, 102, 241, 0.15) is not an animatable value - to enable this animation set rgba(99, 102, 241, 0.15) to a value animatable to transparent via the `style` property. @ http://localhost:5173/node_modules/.vite/deps/framer-motion.js?v=0234295a:418
[ 1272170ms] [WARNING] You are trying to animate backgroundColor from "transparent" to "rgba(99, 102, 241, 0.15)". transparent is not an animatable value - to enable this animation set transparent to a value animatable to rgba(99, 102, 241, 0.15) via the `style` property. @ http://localhost:5173/node_modules/.vite/deps/framer-motion.js?v=0234295a:418
[ 1275216ms] [WARNING] You are trying to animate backgroundColor from "transparent" to "rgba(99, 102, 241, 0.15)". transparent is not an animatable value - to enable this animation set transparent to a value animatable to rgba(99, 102, 241, 0.15) via the `style` property. @ http://localhost:5173/node_modules/.vite/deps/framer-motion.js?v=0234295a:418
[ 1275217ms] [WARNING] You are trying to animate backgroundColor from "rgba(99, 102, 241, 0.15)" to "transparent". rgba(99, 102, 241, 0.15) is not an animatable value - to enable this animation set rgba(99, 102, 241, 0.15) to a value animatable to transparent via the `style` property. @ http://localhost:5173/node_modules/.vite/deps/framer-motion.js?v=0234295a:418
[ 1275218ms] [WARNING] You are trying to animate backgroundColor from "transparent" to "rgba(99, 102, 241, 0.15)". transparent is not an animatable value - to enable this animation set transparent to a value animatable to rgba(99, 102, 241, 0.15) via the `style` property. @ http://localhost:5173/node_modules/.vite/deps/framer-motion.js?v=0234295a:418
[ 1279278ms] [WARNING] You are trying to animate backgroundColor from "rgba(99, 102, 241, 0.15)" to "transparent". rgba(99, 102, 241, 0.15) is not an animatable value - to enable this animation set rgba(99, 102, 241, 0.15) to a value animatable to transparent via the `style` property. @ http://localhost:5173/node_modules/.vite/deps/framer-motion.js?v=0234295a:418
[ 1279279ms] [WARNING] You are trying to animate backgroundColor from "rgba(99, 102, 241, 0.15)" to "transparent". rgba(99, 102, 241, 0.15) is not an animatable value - to enable this animation set rgba(99, 102, 241, 0.15) to a value animatable to transparent via the `style` property. @ http://localhost:5173/node_modules/.vite/deps/framer-motion.js?v=0234295a:418
[ 1279280ms] [WARNING] You are trying to animate backgroundColor from "transparent" to "rgba(99, 102, 241, 0.15)". transparent is not an animatable value - to enable this animation set transparent to a value animatable to rgba(99, 102, 241, 0.15) via the `style` property. @ http://localhost:5173/node_modules/.vite/deps/framer-motion.js?v=0234295a:418
[ 1286390ms] [WARNING] You are trying to animate backgroundColor from "rgba(99, 102, 241, 0.15)" to "transparent". rgba(99, 102, 241, 0.15) is not an animatable value - to enable this animation set rgba(99, 102, 241, 0.15) to a value animatable to transparent via the `style` property. @ http://localhost:5173/node_modules/.vite/deps/framer-motion.js?v=0234295a:418
[ 1290451ms] [WARNING] You are trying to animate backgroundColor from "transparent" to "rgba(99, 102, 241, 0.15)". transparent is not an animatable value - to enable this animation set transparent to a value animatable to rgba(99, 102, 241, 0.15) via the `style` property. @ http://localhost:5173/node_modules/.vite/deps/framer-motion.js?v=0234295a:418
[ 1295565ms] [WARNING] You are trying to animate backgroundColor from "rgba(99, 102, 241, 0.15)" to "transparent". rgba(99, 102, 241, 0.15) is not an animatable value - to enable this animation set rgba(99, 102, 241, 0.15) to a value animatable to transparent via the `style` property. @ http://localhost:5173/node_modules/.vite/deps/framer-motion.js?v=0234295a:418
[ 1295568ms] [WARNING] You are trying to animate backgroundColor from "transparent" to "rgba(99, 102, 241, 0.15)". transparent is not an animatable value - to enable this animation set transparent to a value animatable to rgba(99, 102, 241, 0.15) via the `style` property. @ http://localhost:5173/node_modules/.vite/deps/framer-motion.js?v=0234295a:418
[ 1297560ms] [WARNING] You are trying to animate backgroundColor from "transparent" to "rgba(99, 102, 241, 0.15)". transparent is not an animatable value - to enable this animation set transparent to a value animatable to rgba(99, 102, 241, 0.15) via the `style` property. @ http://localhost:5173/node_modules/.vite/deps/framer-motion.js?v=0234295a:418
[ 1297561ms] [WARNING] You are trying to animate backgroundColor from "rgba(99, 102, 241, 0.15)" to "transparent". rgba(99, 102, 241, 0.15) is not an animatable value - to enable this animation set rgba(99, 102, 241, 0.15) to a value animatable to transparent via the `style` property. @ http://localhost:5173/node_modules/.vite/deps/framer-motion.js?v=0234295a:418
[ 1297562ms] [WARNING] You are trying to animate backgroundColor from "transparent" to "rgba(99, 102, 241, 0.15)". transparent is not an animatable value - to enable this animation set transparent to a value animatable to rgba(99, 102, 241, 0.15) via the `style` property. @ http://localhost:5173/node_modules/.vite/deps/framer-motion.js?v=0234295a:418
[ 1301623ms] [WARNING] You are trying to animate backgroundColor from "rgba(99, 102, 241, 0.15)" to "transparent". rgba(99, 102, 241, 0.15) is not an animatable value - to enable this animation set rgba(99, 102, 241, 0.15) to a value animatable to transparent via the `style` property. @ http://localhost:5173/node_modules/.vite/deps/framer-motion.js?v=0234295a:418
[ 1301624ms] [WARNING] You are trying to animate backgroundColor from "rgba(99, 102, 241, 0.15)" to "transparent". rgba(99, 102, 241, 0.15) is not an animatable value - to enable this animation set rgba(99, 102, 241, 0.15) to a value animatable to transparent via the `style` property. @ http://localhost:5173/node_modules/.vite/deps/framer-motion.js?v=0234295a:418
[ 1301626ms] [WARNING] You are trying to animate backgroundColor from "transparent" to "rgba(99, 102, 241, 0.15)". transparent is not an animatable value - to enable this animation set transparent to a value animatable to rgba(99, 102, 241, 0.15) via the `style` property. @ http://localhost:5173/node_modules/.vite/deps/framer-motion.js?v=0234295a:418
[ 1308733ms] [WARNING] You are trying to animate backgroundColor from "rgba(99, 102, 241, 0.15)" to "transparent". rgba(99, 102, 241, 0.15) is not an animatable value - to enable this animation set rgba(99, 102, 241, 0.15) to a value animatable to transparent via the `style` property. @ http://localhost:5173/node_modules/.vite/deps/framer-motion.js?v=0234295a:418
[ 1312797ms] [WARNING] You are trying to animate backgroundColor from "transparent" to "rgba(99, 102, 241, 0.15)". transparent is not an animatable value - to enable this animation set transparent to a value animatable to rgba(99, 102, 241, 0.15) via the `style` property. @ http://localhost:5173/node_modules/.vite/deps/framer-motion.js?v=0234295a:418
[ 1317874ms] [WARNING] You are trying to animate backgroundColor from "rgba(99, 102, 241, 0.15)" to "transparent". rgba(99, 102, 241, 0.15) is not an animatable value - to enable this animation set rgba(99, 102, 241, 0.15) to a value animatable to transparent via the `style` property. @ http://localhost:5173/node_modules/.vite/deps/framer-motion.js?v=0234295a:418
[ 1317875ms] [WARNING] You are trying to animate backgroundColor from "transparent" to "rgba(99, 102, 241, 0.15)". transparent is not an animatable value - to enable this animation set transparent to a value animatable to rgba(99, 102, 241, 0.15) via the `style` property. @ http://localhost:5173/node_modules/.vite/deps/framer-motion.js?v=0234295a:418
[ 1320907ms] [WARNING] You are trying to animate backgroundColor from "transparent" to "rgba(99, 102, 241, 0.15)". transparent is not an animatable value - to enable this animation set transparent to a value animatable to rgba(99, 102, 241, 0.15) via the `style` property. @ http://localhost:5173/node_modules/.vite/deps/framer-motion.js?v=0234295a:418
[ 1320909ms] [WARNING] You are trying to animate backgroundColor from "rgba(99, 102, 241, 0.15)" to "transparent". rgba(99, 102, 241, 0.15) is not an animatable value - to enable this animation set rgba(99, 102, 241, 0.15) to a value animatable to transparent via the `style` property. @ http://localhost:5173/node_modules/.vite/deps/framer-motion.js?v=0234295a:418
[ 1320910ms] [WARNING] You are trying to animate backgroundColor from "transparent" to "rgba(99, 102, 241, 0.15)". transparent is not an animatable value - to enable this animation set transparent to a value animatable to rgba(99, 102, 241, 0.15) via the `style` property. @ http://localhost:5173/node_modules/.vite/deps/framer-motion.js?v=0234295a:418
[ 1324968ms] [WARNING] You are trying to animate backgroundColor from "rgba(99, 102, 241, 0.15)" to "transparent". rgba(99, 102, 241, 0.15) is not an animatable value - to enable this animation set rgba(99, 102, 241, 0.15) to a value animatable to transparent via the `style` property. @ http://localhost:5173/node_modules/.vite/deps/framer-motion.js?v=0234295a:418
[ 1324969ms] [WARNING] You are trying to animate backgroundColor from "rgba(99, 102, 241, 0.15)" to "transparent". rgba(99, 102, 241, 0.15) is not an animatable value - to enable this animation set rgba(99, 102, 241, 0.15) to a value animatable to transparent via the `style` property. @ http://localhost:5173/node_modules/.vite/deps/framer-motion.js?v=0234295a:418
[ 1324990ms] [WARNING] You are trying to animate backgroundColor from "transparent" to "rgba(99, 102, 241, 0.15)". transparent is not an animatable value - to enable this animation set transparent to a value animatable to rgba(99, 102, 241, 0.15) via the `style` property. @ http://localhost:5173/node_modules/.vite/deps/framer-motion.js?v=0234295a:418
[ 1331063ms] [WARNING] You are trying to animate backgroundColor from "rgba(99, 102, 241, 0.15)" to "transparent". rgba(99, 102, 241, 0.15) is not an animatable value - to enable this animation set rgba(99, 102, 241, 0.15) to a value animatable to transparent via the `style` property. @ http://localhost:5173/node_modules/.vite/deps/framer-motion.js?v=0234295a:418
[ 1335131ms] [WARNING] You are trying to animate backgroundColor from "transparent" to "rgba(99, 102, 241, 0.15)". transparent is not an animatable value - to enable this animation set transparent to a value animatable to rgba(99, 102, 241, 0.15) via the `style` property. @ http://localhost:5173/node_modules/.vite/deps/framer-motion.js?v=0234295a:418
[ 1340203ms] [WARNING] You are trying to animate backgroundColor from "rgba(99, 102, 241, 0.15)" to "transparent". rgba(99, 102, 241, 0.15) is not an animatable value - to enable this animation set rgba(99, 102, 241, 0.15) to a value animatable to transparent via the `style` property. @ http://localhost:5173/node_modules/.vite/deps/framer-motion.js?v=0234295a:418
[ 1340204ms] [WARNING] You are trying to animate backgroundColor from "transparent" to "rgba(99, 102, 241, 0.15)". transparent is not an animatable value - to enable this animation set transparent to a value animatable to rgba(99, 102, 241, 0.15) via the `style` property. @ http://localhost:5173/node_modules/.vite/deps/framer-motion.js?v=0234295a:418
[ 1343250ms] [WARNING] You are trying to animate backgroundColor from "transparent" to "rgba(99, 102, 241, 0.15)". transparent is not an animatable value - to enable this animation set transparent to a value animatable to rgba(99, 102, 241, 0.15) via the `style` property. @ http://localhost:5173/node_modules/.vite/deps/framer-motion.js?v=0234295a:418
[ 1343253ms] [WARNING] You are trying to animate backgroundColor from "rgba(99, 102, 241, 0.15)" to "transparent". rgba(99, 102, 241, 0.15) is not an animatable value - to enable this animation set rgba(99, 102, 241, 0.15) to a value animatable to transparent via the `style` property. @ http://localhost:5173/node_modules/.vite/deps/framer-motion.js?v=0234295a:418
[ 1343256ms] [WARNING] You are trying to animate backgroundColor from "transparent" to "rgba(99, 102, 241, 0.15)". transparent is not an animatable value - to enable this animation set transparent to a value animatable to rgba(99, 102, 241, 0.15) via the `style` property. @ http://localhost:5173/node_modules/.vite/deps/framer-motion.js?v=0234295a:418
[ 1347314ms] [WARNING] You are trying to animate backgroundColor from "rgba(99, 102, 241, 0.15)" to "transparent". rgba(99, 102, 241, 0.15) is not an animatable value - to enable this animation set rgba(99, 102, 241, 0.15) to a value animatable to transparent via the `style` property. @ http://localhost:5173/node_modules/.vite/deps/framer-motion.js?v=0234295a:418
[ 1347316ms] [WARNING] You are trying to animate backgroundColor from "rgba(99, 102, 241, 0.15)" to "transparent". rgba(99, 102, 241, 0.15) is not an animatable value - to enable this animation set rgba(99, 102, 241, 0.15) to a value animatable to transparent via the `style` property. @ http://localhost:5173/node_modules/.vite/deps/framer-motion.js?v=0234295a:418
[ 1347317ms] [WARNING] You are trying to animate backgroundColor from "transparent" to "rgba(99, 102, 241, 0.15)". transparent is not an animatable value - to enable this animation set transparent to a value animatable to rgba(99, 102, 241, 0.15) via the `style` property. @ http://localhost:5173/node_modules/.vite/deps/framer-motion.js?v=0234295a:418
[ 1353408ms] [WARNING] You are trying to animate backgroundColor from "rgba(99, 102, 241, 0.15)" to "transparent". rgba(99, 102, 241, 0.15) is not an animatable value - to enable this animation set rgba(99, 102, 241, 0.15) to a value animatable to transparent via the `style` property. @ http://localhost:5173/node_modules/.vite/deps/framer-motion.js?v=0234295a:418
[ 1357471ms] [WARNING] You are trying to animate backgroundColor from "transparent" to "rgba(99, 102, 241, 0.15)". transparent is not an animatable value - to enable this animation set transparent to a value animatable to rgba(99, 102, 241, 0.15) via the `style` property. @ http://localhost:5173/node_modules/.vite/deps/framer-motion.js?v=0234295a:418
[ 1362549ms] [WARNING] You are trying to animate backgroundColor from "rgba(99, 102, 241, 0.15)" to "transparent". rgba(99, 102, 241, 0.15) is not an animatable value - to enable this animation set rgba(99, 102, 241, 0.15) to a value animatable to transparent via the `style` property. @ http://localhost:5173/node_modules/.vite/deps/framer-motion.js?v=0234295a:418
[ 1362550ms] [WARNING] You are trying to animate backgroundColor from "transparent" to "rgba(99, 102, 241, 0.15)". transparent is not an animatable value - to enable this animation set transparent to a value animatable to rgba(99, 102, 241, 0.15) via the `style` property. @ http://localhost:5173/node_modules/.vite/deps/framer-motion.js?v=0234295a:418
[ 1365597ms] [WARNING] You are trying to animate backgroundColor from "transparent" to "rgba(99, 102, 241, 0.15)". transparent is not an animatable value - to enable this animation set transparent to a value animatable to rgba(99, 102, 241, 0.15) via the `style` property. @ http://localhost:5173/node_modules/.vite/deps/framer-motion.js?v=0234295a:418
[ 1365597ms] [WARNING] You are trying to animate backgroundColor from "rgba(99, 102, 241, 0.15)" to "transparent". rgba(99, 102, 241, 0.15) is not an animatable value - to enable this animation set rgba(99, 102, 241, 0.15) to a value animatable to transparent via the `style` property. @ http://localhost:5173/node_modules/.vite/deps/framer-motion.js?v=0234295a:418
[ 1365599ms] [WARNING] You are trying to animate backgroundColor from "transparent" to "rgba(99, 102, 241, 0.15)". transparent is not an animatable value - to enable this animation set transparent to a value animatable to rgba(99, 102, 241, 0.15) via the `style` property. @ http://localhost:5173/node_modules/.vite/deps/framer-motion.js?v=0234295a:418
[ 1369663ms] [WARNING] You are trying to animate backgroundColor from "rgba(99, 102, 241, 0.15)" to "transparent". rgba(99, 102, 241, 0.15) is not an animatable value - to enable this animation set rgba(99, 102, 241, 0.15) to a value animatable to transparent via the `style` property. @ http://localhost:5173/node_modules/.vite/deps/framer-motion.js?v=0234295a:418
[ 1369686ms] [WARNING] You are trying to animate backgroundColor from "rgba(99, 102, 241, 0.15)" to "transparent". rgba(99, 102, 241, 0.15) is not an animatable value - to enable this animation set rgba(99, 102, 241, 0.15) to a value animatable to transparent via the `style` property. @ http://localhost:5173/node_modules/.vite/deps/framer-motion.js?v=0234295a:418
[ 1369687ms] [WARNING] You are trying to animate backgroundColor from "transparent" to "rgba(99, 102, 241, 0.15)". transparent is not an animatable value - to enable this animation set transparent to a value animatable to rgba(99, 102, 241, 0.15) via the `style` property. @ http://localhost:5173/node_modules/.vite/deps/framer-motion.js?v=0234295a:418
[ 1376770ms] [WARNING] You are trying to animate backgroundColor from "rgba(99, 102, 241, 0.15)" to "transparent". rgba(99, 102, 241, 0.15) is not an animatable value - to enable this animation set rgba(99, 102, 241, 0.15) to a value animatable to transparent via the `style` property. @ http://localhost:5173/node_modules/.vite/deps/framer-motion.js?v=0234295a:418
[ 1380833ms] [WARNING] You are trying to animate backgroundColor from "transparent" to "rgba(99, 102, 241, 0.15)". transparent is not an animatable value - to enable this animation set transparent to a value animatable to rgba(99, 102, 241, 0.15) via the `style` property. @ http://localhost:5173/node_modules/.vite/deps/framer-motion.js?v=0234295a:418
[ 1385985ms] [WARNING] You are trying to animate backgroundColor from "rgba(99, 102, 241, 0.15)" to "transparent". rgba(99, 102, 241, 0.15) is not an animatable value - to enable this animation set rgba(99, 102, 241, 0.15) to a value animatable to transparent via the `style` property. @ http://localhost:5173/node_modules/.vite/deps/framer-motion.js?v=0234295a:418
[ 1386038ms] [WARNING] You are trying to animate backgroundColor from "transparent" to "rgba(99, 102, 241, 0.15)". transparent is not an animatable value - to enable this animation set transparent to a value animatable to rgba(99, 102, 241, 0.15) via the `style` property. @ http://localhost:5173/node_modules/.vite/deps/framer-motion.js?v=0234295a:418
[ 1388958ms] [WARNING] You are trying to animate backgroundColor from "transparent" to "rgba(99, 102, 241, 0.15)". transparent is not an animatable value - to enable this animation set transparent to a value animatable to rgba(99, 102, 241, 0.15) via the `style` property. @ http://localhost:5173/node_modules/.vite/deps/framer-motion.js?v=0234295a:418
[ 1388960ms] [WARNING] You are trying to animate backgroundColor from "rgba(99, 102, 241, 0.15)" to "transparent". rgba(99, 102, 241, 0.15) is not an animatable value - to enable this animation set rgba(99, 102, 241, 0.15) to a value animatable to transparent via the `style` property. @ http://localhost:5173/node_modules/.vite/deps/framer-motion.js?v=0234295a:418
[ 1388962ms] [WARNING] You are trying to animate backgroundColor from "transparent" to "rgba(99, 102, 241, 0.15)". transparent is not an animatable value - to enable this animation set transparent to a value animatable to rgba(99, 102, 241, 0.15) via the `style` property. @ http://localhost:5173/node_modules/.vite/deps/framer-motion.js?v=0234295a:418
[ 1392005ms] [WARNING] You are trying to animate backgroundColor from "rgba(99, 102, 241, 0.15)" to "transparent". rgba(99, 102, 241, 0.15) is not an animatable value - to enable this animation set rgba(99, 102, 241, 0.15) to a value animatable to transparent via the `style` property. @ http://localhost:5173/node_modules/.vite/deps/framer-motion.js?v=0234295a:418
[ 1392009ms] [WARNING] You are trying to animate backgroundColor from "rgba(99, 102, 241, 0.15)" to "transparent". rgba(99, 102, 241, 0.15) is not an animatable value - to enable this animation set rgba(99, 102, 241, 0.15) to a value animatable to transparent via the `style` property. @ http://localhost:5173/node_modules/.vite/deps/framer-motion.js?v=0234295a:418
[ 1392011ms] [WARNING] You are trying to animate backgroundColor from "transparent" to "rgba(99, 102, 241, 0.15)". transparent is not an animatable value - to enable this animation set transparent to a value animatable to rgba(99, 102, 241, 0.15) via the `style` property. @ http://localhost:5173/node_modules/.vite/deps/framer-motion.js?v=0234295a:418
[ 1399118ms] [WARNING] You are trying to animate backgroundColor from "rgba(99, 102, 241, 0.15)" to "transparent". rgba(99, 102, 241, 0.15) is not an animatable value - to enable this animation set rgba(99, 102, 241, 0.15) to a value animatable to transparent via the `style` property. @ http://localhost:5173/node_modules/.vite/deps/framer-motion.js?v=0234295a:418
[ 1403179ms] [WARNING] You are trying to animate backgroundColor from "transparent" to "rgba(99, 102, 241, 0.15)". transparent is not an animatable value - to enable this animation set transparent to a value animatable to rgba(99, 102, 241, 0.15) via the `style` property. @ http://localhost:5173/node_modules/.vite/deps/framer-motion.js?v=0234295a:418
[ 1408262ms] [WARNING] You are trying to animate backgroundColor from "rgba(99, 102, 241, 0.15)" to "transparent". rgba(99, 102, 241, 0.15) is not an animatable value - to enable this animation set rgba(99, 102, 241, 0.15) to a value animatable to transparent via the `style` property. @ http://localhost:5173/node_modules/.vite/deps/framer-motion.js?v=0234295a:418
[ 1408262ms] [WARNING] You are trying to animate backgroundColor from "transparent" to "rgba(99, 102, 241, 0.15)". transparent is not an animatable value - to enable this animation set transparent to a value animatable to rgba(99, 102, 241, 0.15) via the `style` property. @ http://localhost:5173/node_modules/.vite/deps/framer-motion.js?v=0234295a:418
[ 1411303ms] [WARNING] You are trying to animate backgroundColor from "transparent" to "rgba(99, 102, 241, 0.15)". transparent is not an animatable value - to enable this animation set transparent to a value animatable to rgba(99, 102, 241, 0.15) via the `style` property. @ http://localhost:5173/node_modules/.vite/deps/framer-motion.js?v=0234295a:418
[ 1411306ms] [WARNING] You are trying to animate backgroundColor from "rgba(99, 102, 241, 0.15)" to "transparent". rgba(99, 102, 241, 0.15) is not an animatable value - to enable this animation set rgba(99, 102, 241, 0.15) to a value animatable to transparent via the `style` property. @ http://localhost:5173/node_modules/.vite/deps/framer-motion.js?v=0234295a:418
[ 1411307ms] [WARNING] You are trying to animate backgroundColor from "transparent" to "rgba(99, 102, 241, 0.15)". transparent is not an animatable value - to enable this animation set transparent to a value animatable to rgba(99, 102, 241, 0.15) via the `style` property. @ http://localhost:5173/node_modules/.vite/deps/framer-motion.js?v=0234295a:418
[ 1415369ms] [WARNING] You are trying to animate backgroundColor from "rgba(99, 102, 241, 0.15)" to "transparent". rgba(99, 102, 241, 0.15) is not an animatable value - to enable this animation set rgba(99, 102, 241, 0.15) to a value animatable to transparent via the `style` property. @ http://localhost:5173/node_modules/.vite/deps/framer-motion.js?v=0234295a:418
[ 1415371ms] [WARNING] You are trying to animate backgroundColor from "rgba(99, 102, 241, 0.15)" to "transparent". rgba(99, 102, 241, 0.15) is not an animatable value - to enable this animation set rgba(99, 102, 241, 0.15) to a value animatable to transparent via the `style` property. @ http://localhost:5173/node_modules/.vite/deps/framer-motion.js?v=0234295a:418
[ 1415375ms] [WARNING] You are trying to animate backgroundColor from "transparent" to "rgba(99, 102, 241, 0.15)". transparent is not an animatable value - to enable this animation set transparent to a value animatable to rgba(99, 102, 241, 0.15) via the `style` property. @ http://localhost:5173/node_modules/.vite/deps/framer-motion.js?v=0234295a:418
[ 1421471ms] [WARNING] You are trying to animate backgroundColor from "rgba(99, 102, 241, 0.15)" to "transparent". rgba(99, 102, 241, 0.15) is not an animatable value - to enable this animation set rgba(99, 102, 241, 0.15) to a value animatable to transparent via the `style` property. @ http://localhost:5173/node_modules/.vite/deps/framer-motion.js?v=0234295a:418
[ 1425524ms] [WARNING] You are trying to animate backgroundColor from "transparent" to "rgba(99, 102, 241, 0.15)". transparent is not an animatable value - to enable this animation set transparent to a value animatable to rgba(99, 102, 241, 0.15) via the `style` property. @ http://localhost:5173/node_modules/.vite/deps/framer-motion.js?v=0234295a:418
[ 1430603ms] [WARNING] You are trying to animate backgroundColor from "rgba(99, 102, 241, 0.15)" to "transparent". rgba(99, 102, 241, 0.15) is not an animatable value - to enable this animation set rgba(99, 102, 241, 0.15) to a value animatable to transparent via the `style` property. @ http://localhost:5173/node_modules/.vite/deps/framer-motion.js?v=0234295a:418
[ 1430604ms] [WARNING] You are trying to animate backgroundColor from "transparent" to "rgba(99, 102, 241, 0.15)". transparent is not an animatable value - to enable this animation set transparent to a value animatable to rgba(99, 102, 241, 0.15) via the `style` property. @ http://localhost:5173/node_modules/.vite/deps/framer-motion.js?v=0234295a:418
[ 1433649ms] [WARNING] You are trying to animate backgroundColor from "transparent" to "rgba(99, 102, 241, 0.15)". transparent is not an animatable value - to enable this animation set transparent to a value animatable to rgba(99, 102, 241, 0.15) via the `style` property. @ http://localhost:5173/node_modules/.vite/deps/framer-motion.js?v=0234295a:418
[ 1433650ms] [WARNING] You are trying to animate backgroundColor from "rgba(99, 102, 241, 0.15)" to "transparent". rgba(99, 102, 241, 0.15) is not an animatable value - to enable this animation set rgba(99, 102, 241, 0.15) to a value animatable to transparent via the `style` property. @ http://localhost:5173/node_modules/.vite/deps/framer-motion.js?v=0234295a:418
[ 1433650ms] [WARNING] You are trying to animate backgroundColor from "transparent" to "rgba(99, 102, 241, 0.15)". transparent is not an animatable value - to enable this animation set transparent to a value animatable to rgba(99, 102, 241, 0.15) via the `style` property. @ http://localhost:5173/node_modules/.vite/deps/framer-motion.js?v=0234295a:418
[ 1437712ms] [WARNING] You are trying to animate backgroundColor from "rgba(99, 102, 241, 0.15)" to "transparent". rgba(99, 102, 241, 0.15) is not an animatable value - to enable this animation set rgba(99, 102, 241, 0.15) to a value animatable to transparent via the `style` property. @ http://localhost:5173/node_modules/.vite/deps/framer-motion.js?v=0234295a:418
[ 1437712ms] [WARNING] You are trying to animate backgroundColor from "rgba(99, 102, 241, 0.15)" to "transparent". rgba(99, 102, 241, 0.15) is not an animatable value - to enable this animation set rgba(99, 102, 241, 0.15) to a value animatable to transparent via the `style` property. @ http://localhost:5173/node_modules/.vite/deps/framer-motion.js?v=0234295a:418
[ 1437713ms] [WARNING] You are trying to animate backgroundColor from "transparent" to "rgba(99, 102, 241, 0.15)". transparent is not an animatable value - to enable this animation set transparent to a value animatable to rgba(99, 102, 241, 0.15) via the `style` property. @ http://localhost:5173/node_modules/.vite/deps/framer-motion.js?v=0234295a:418
[ 1443807ms] [WARNING] You are trying to animate backgroundColor from "rgba(99, 102, 241, 0.15)" to "transparent". rgba(99, 102, 241, 0.15) is not an animatable value - to enable this animation set rgba(99, 102, 241, 0.15) to a value animatable to transparent via the `style` property. @ http://localhost:5173/node_modules/.vite/deps/framer-motion.js?v=0234295a:418
[ 1448610ms] [WARNING] You are trying to animate backgroundColor from "transparent" to "rgba(99, 102, 241, 0.15)". transparent is not an animatable value - to enable this animation set transparent to a value animatable to rgba(99, 102, 241, 0.15) via the `style` property. @ http://localhost:5173/node_modules/.vite/deps/framer-motion.js?v=0234295a:418
[ 1453523ms] [WARNING] You are trying to animate backgroundColor from "rgba(99, 102, 241, 0.15)" to "transparent". rgba(99, 102, 241, 0.15) is not an animatable value - to enable this animation set rgba(99, 102, 241, 0.15) to a value animatable to transparent via the `style` property. @ http://localhost:5173/node_modules/.vite/deps/framer-motion.js?v=0234295a:418
[ 1453525ms] [WARNING] You are trying to animate backgroundColor from "transparent" to "rgba(99, 102, 241, 0.15)". transparent is not an animatable value - to enable this animation set transparent to a value animatable to rgba(99, 102, 241, 0.15) via the `style` property. @ http://localhost:5173/node_modules/.vite/deps/framer-motion.js?v=0234295a:418
[ 1456556ms] [WARNING] You are trying to animate backgroundColor from "transparent" to "rgba(99, 102, 241, 0.15)". transparent is not an animatable value - to enable this animation set transparent to a value animatable to rgba(99, 102, 241, 0.15) via the `style` property. @ http://localhost:5173/node_modules/.vite/deps/framer-motion.js?v=0234295a:418
[ 1456556ms] [WARNING] You are trying to animate backgroundColor from "rgba(99, 102, 241, 0.15)" to "transparent". rgba(99, 102, 241, 0.15) is not an animatable value - to enable this animation set rgba(99, 102, 241, 0.15) to a value animatable to transparent via the `style` property. @ http://localhost:5173/node_modules/.vite/deps/framer-motion.js?v=0234295a:418
[ 1456557ms] [WARNING] You are trying to animate backgroundColor from "transparent" to "rgba(99, 102, 241, 0.15)". transparent is not an animatable value - to enable this animation set transparent to a value animatable to rgba(99, 102, 241, 0.15) via the `style` property. @ http://localhost:5173/node_modules/.vite/deps/framer-motion.js?v=0234295a:418
[ 1460627ms] [WARNING] You are trying to animate backgroundColor from "rgba(99, 102, 241, 0.15)" to "transparent". rgba(99, 102, 241, 0.15) is not an animatable value - to enable this animation set rgba(99, 102, 241, 0.15) to a value animatable to transparent via the `style` property. @ http://localhost:5173/node_modules/.vite/deps/framer-motion.js?v=0234295a:418
[ 1460655ms] [WARNING] You are trying to animate backgroundColor from "rgba(99, 102, 241, 0.15)" to "transparent". rgba(99, 102, 241, 0.15) is not an animatable value - to enable this animation set rgba(99, 102, 241, 0.15) to a value animatable to transparent via the `style` property. @ http://localhost:5173/node_modules/.vite/deps/framer-motion.js?v=0234295a:418
[ 1460658ms] [WARNING] You are trying to animate backgroundColor from "transparent" to "rgba(99, 102, 241, 0.15)". transparent is not an animatable value - to enable this animation set transparent to a value animatable to rgba(99, 102, 241, 0.15) via the `style` property. @ http://localhost:5173/node_modules/.vite/deps/framer-motion.js?v=0234295a:418
[ 1466714ms] [WARNING] You are trying to animate backgroundColor from "rgba(99, 102, 241, 0.15)" to "transparent". rgba(99, 102, 241, 0.15) is not an animatable value - to enable this animation set rgba(99, 102, 241, 0.15) to a value animatable to transparent via the `style` property. @ http://localhost:5173/node_modules/.vite/deps/framer-motion.js?v=0234295a:418
[ 1470779ms] [WARNING] You are trying to animate backgroundColor from "transparent" to "rgba(99, 102, 241, 0.15)". transparent is not an animatable value - to enable this animation set transparent to a value animatable to rgba(99, 102, 241, 0.15) via the `style` property. @ http://localhost:5173/node_modules/.vite/deps/framer-motion.js?v=0234295a:418
[ 1475855ms] [WARNING] You are trying to animate backgroundColor from "rgba(99, 102, 241, 0.15)" to "transparent". rgba(99, 102, 241, 0.15) is not an animatable value - to enable this animation set rgba(99, 102, 241, 0.15) to a value animatable to transparent via the `style` property. @ http://localhost:5173/node_modules/.vite/deps/framer-motion.js?v=0234295a:418
[ 1475856ms] [WARNING] You are trying to animate backgroundColor from "transparent" to "rgba(99, 102, 241, 0.15)". transparent is not an animatable value - to enable this animation set transparent to a value animatable to rgba(99, 102, 241, 0.15) via the `style` property. @ http://localhost:5173/node_modules/.vite/deps/framer-motion.js?v=0234295a:418
[ 1478903ms] [WARNING] You are trying to animate backgroundColor from "transparent" to "rgba(99, 102, 241, 0.15)". transparent is not an animatable value - to enable this animation set transparent to a value animatable to rgba(99, 102, 241, 0.15) via the `style` property. @ http://localhost:5173/node_modules/.vite/deps/framer-motion.js?v=0234295a:418
[ 1478905ms] [WARNING] You are trying to animate backgroundColor from "rgba(99, 102, 241, 0.15)" to "transparent". rgba(99, 102, 241, 0.15) is not an animatable value - to enable this animation set rgba(99, 102, 241, 0.15) to a value animatable to transparent via the `style` property. @ http://localhost:5173/node_modules/.vite/deps/framer-motion.js?v=0234295a:418
[ 1478906ms] [WARNING] You are trying to animate backgroundColor from "transparent" to "rgba(99, 102, 241, 0.15)". transparent is not an animatable value - to enable this animation set transparent to a value animatable to rgba(99, 102, 241, 0.15) via the `style` property. @ http://localhost:5173/node_modules/.vite/deps/framer-motion.js?v=0234295a:418
[ 1482965ms] [WARNING] You are trying to animate backgroundColor from "rgba(99, 102, 241, 0.15)" to "transparent". rgba(99, 102, 241, 0.15) is not an animatable value - to enable this animation set rgba(99, 102, 241, 0.15) to a value animatable to transparent via the `style` property. @ http://localhost:5173/node_modules/.vite/deps/framer-motion.js?v=0234295a:418
[ 1482966ms] [WARNING] You are trying to animate backgroundColor from "rgba(99, 102, 241, 0.15)" to "transparent". rgba(99, 102, 241, 0.15) is not an animatable value - to enable this animation set rgba(99, 102, 241, 0.15) to a value animatable to transparent via the `style` property. @ http://localhost:5173/node_modules/.vite/deps/framer-motion.js?v=0234295a:418
[ 1482966ms] [WARNING] You are trying to animate backgroundColor from "transparent" to "rgba(99, 102, 241, 0.15)". transparent is not an animatable value - to enable this animation set transparent to a value animatable to rgba(99, 102, 241, 0.15) via the `style` property. @ http://localhost:5173/node_modules/.vite/deps/framer-motion.js?v=0234295a:418
[ 1490075ms] [WARNING] You are trying to animate backgroundColor from "rgba(99, 102, 241, 0.15)" to "transparent". rgba(99, 102, 241, 0.15) is not an animatable value - to enable this animation set rgba(99, 102, 241, 0.15) to a value animatable to transparent via the `style` property. @ http://localhost:5173/node_modules/.vite/deps/framer-motion.js?v=0234295a:418
[ 1494142ms] [WARNING] You are trying to animate backgroundColor from "transparent" to "rgba(99, 102, 241, 0.15)". transparent is not an animatable value - to enable this animation set transparent to a value animatable to rgba(99, 102, 241, 0.15) via the `style` property. @ http://localhost:5173/node_modules/.vite/deps/framer-motion.js?v=0234295a:418
[ 1498202ms] [WARNING] You are trying to animate backgroundColor from "rgba(99, 102, 241, 0.15)" to "transparent". rgba(99, 102, 241, 0.15) is not an animatable value - to enable this animation set rgba(99, 102, 241, 0.15) to a value animatable to transparent via the `style` property. @ http://localhost:5173/node_modules/.vite/deps/framer-motion.js?v=0234295a:418
[ 1498204ms] [WARNING] You are trying to animate backgroundColor from "transparent" to "rgba(99, 102, 241, 0.15)". transparent is not an animatable value - to enable this animation set transparent to a value animatable to rgba(99, 102, 241, 0.15) via the `style` property. @ http://localhost:5173/node_modules/.vite/deps/framer-motion.js?v=0234295a:418
[ 1501248ms] [WARNING] You are trying to animate backgroundColor from "transparent" to "rgba(99, 102, 241, 0.15)". transparent is not an animatable value - to enable this animation set transparent to a value animatable to rgba(99, 102, 241, 0.15) via the `style` property. @ http://localhost:5173/node_modules/.vite/deps/framer-motion.js?v=0234295a:418
[ 1501254ms] [WARNING] You are trying to animate backgroundColor from "rgba(99, 102, 241, 0.15)" to "transparent". rgba(99, 102, 241, 0.15) is not an animatable value - to enable this animation set rgba(99, 102, 241, 0.15) to a value animatable to transparent via the `style` property. @ http://localhost:5173/node_modules/.vite/deps/framer-motion.js?v=0234295a:418
[ 1501256ms] [WARNING] You are trying to animate backgroundColor from "transparent" to "rgba(99, 102, 241, 0.15)". transparent is not an animatable value - to enable this animation set transparent to a value animatable to rgba(99, 102, 241, 0.15) via the `style` property. @ http://localhost:5173/node_modules/.vite/deps/framer-motion.js?v=0234295a:418
[ 1505310ms] [WARNING] You are trying to animate backgroundColor from "rgba(99, 102, 241, 0.15)" to "transparent". rgba(99, 102, 241, 0.15) is not an animatable value - to enable this animation set rgba(99, 102, 241, 0.15) to a value animatable to transparent via the `style` property. @ http://localhost:5173/node_modules/.vite/deps/framer-motion.js?v=0234295a:418
[ 1505311ms] [WARNING] You are trying to animate backgroundColor from "rgba(99, 102, 241, 0.15)" to "transparent". rgba(99, 102, 241, 0.15) is not an animatable value - to enable this animation set rgba(99, 102, 241, 0.15) to a value animatable to transparent via the `style` property. @ http://localhost:5173/node_modules/.vite/deps/framer-motion.js?v=0234295a:418
[ 1505311ms] [WARNING] You are trying to animate backgroundColor from "transparent" to "rgba(99, 102, 241, 0.15)". transparent is not an animatable value - to enable this animation set transparent to a value animatable to rgba(99, 102, 241, 0.15) via the `style` property. @ http://localhost:5173/node_modules/.vite/deps/framer-motion.js?v=0234295a:418
[ 1512422ms] [WARNING] You are trying to animate backgroundColor from "rgba(99, 102, 241, 0.15)" to "transparent". rgba(99, 102, 241, 0.15) is not an animatable value - to enable this animation set rgba(99, 102, 241, 0.15) to a value animatable to transparent via the `style` property. @ http://localhost:5173/node_modules/.vite/deps/framer-motion.js?v=0234295a:418
[ 1516485ms] [WARNING] You are trying to animate backgroundColor from "transparent" to "rgba(99, 102, 241, 0.15)". transparent is not an animatable value - to enable this animation set transparent to a value animatable to rgba(99, 102, 241, 0.15) via the `style` property. @ http://localhost:5173/node_modules/.vite/deps/framer-motion.js?v=0234295a:418
[ 1521562ms] [WARNING] You are trying to animate backgroundColor from "rgba(99, 102, 241, 0.15)" to "transparent". rgba(99, 102, 241, 0.15) is not an animatable value - to enable this animation set rgba(99, 102, 241, 0.15) to a value animatable to transparent via the `style` property. @ http://localhost:5173/node_modules/.vite/deps/framer-motion.js?v=0234295a:418
[ 1521563ms] [WARNING] You are trying to animate backgroundColor from "transparent" to "rgba(99, 102, 241, 0.15)". transparent is not an animatable value - to enable this animation set transparent to a value animatable to rgba(99, 102, 241, 0.15) via the `style` property. @ http://localhost:5173/node_modules/.vite/deps/framer-motion.js?v=0234295a:418
[ 1524611ms] [WARNING] You are trying to animate backgroundColor from "transparent" to "rgba(99, 102, 241, 0.15)". transparent is not an animatable value - to enable this animation set transparent to a value animatable to rgba(99, 102, 241, 0.15) via the `style` property. @ http://localhost:5173/node_modules/.vite/deps/framer-motion.js?v=0234295a:418
[ 1524612ms] [WARNING] You are trying to animate backgroundColor from "rgba(99, 102, 241, 0.15)" to "transparent". rgba(99, 102, 241, 0.15) is not an animatable value - to enable this animation set rgba(99, 102, 241, 0.15) to a value animatable to transparent via the `style` property. @ http://localhost:5173/node_modules/.vite/deps/framer-motion.js?v=0234295a:418
[ 1524614ms] [WARNING] You are trying to animate backgroundColor from "transparent" to "rgba(99, 102, 241, 0.15)". transparent is not an animatable value - to enable this animation set transparent to a value animatable to rgba(99, 102, 241, 0.15) via the `style` property. @ http://localhost:5173/node_modules/.vite/deps/framer-motion.js?v=0234295a:418
[ 1528674ms] [WARNING] You are trying to animate backgroundColor from "rgba(99, 102, 241, 0.15)" to "transparent". rgba(99, 102, 241, 0.15) is not an animatable value - to enable this animation set rgba(99, 102, 241, 0.15) to a value animatable to transparent via the `style` property. @ http://localhost:5173/node_modules/.vite/deps/framer-motion.js?v=0234295a:418
[ 1528677ms] [WARNING] You are trying to animate backgroundColor from "rgba(99, 102, 241, 0.15)" to "transparent". rgba(99, 102, 241, 0.15) is not an animatable value - to enable this animation set rgba(99, 102, 241, 0.15) to a value animatable to transparent via the `style` property. @ http://localhost:5173/node_modules/.vite/deps/framer-motion.js?v=0234295a:418
[ 1528706ms] [WARNING] You are trying to animate backgroundColor from "transparent" to "rgba(99, 102, 241, 0.15)". transparent is not an animatable value - to enable this animation set transparent to a value animatable to rgba(99, 102, 241, 0.15) via the `style` property. @ http://localhost:5173/node_modules/.vite/deps/framer-motion.js?v=0234295a:418
[ 1534767ms] [WARNING] You are trying to animate backgroundColor from "rgba(99, 102, 241, 0.15)" to "transparent". rgba(99, 102, 241, 0.15) is not an animatable value - to enable this animation set rgba(99, 102, 241, 0.15) to a value animatable to transparent via the `style` property. @ http://localhost:5173/node_modules/.vite/deps/framer-motion.js?v=0234295a:418
[ 1538834ms] [WARNING] You are trying to animate backgroundColor from "transparent" to "rgba(99, 102, 241, 0.15)". transparent is not an animatable value - to enable this animation set transparent to a value animatable to rgba(99, 102, 241, 0.15) via the `style` property. @ http://localhost:5173/node_modules/.vite/deps/framer-motion.js?v=0234295a:418
[ 1543913ms] [WARNING] You are trying to animate backgroundColor from "rgba(99, 102, 241, 0.15)" to "transparent". rgba(99, 102, 241, 0.15) is not an animatable value - to enable this animation set rgba(99, 102, 241, 0.15) to a value animatable to transparent via the `style` property. @ http://localhost:5173/node_modules/.vite/deps/framer-motion.js?v=0234295a:418
[ 1543915ms] [WARNING] You are trying to animate backgroundColor from "transparent" to "rgba(99, 102, 241, 0.15)". transparent is not an animatable value - to enable this animation set transparent to a value animatable to rgba(99, 102, 241, 0.15) via the `style` property. @ http://localhost:5173/node_modules/.vite/deps/framer-motion.js?v=0234295a:418
[ 1546955ms] [WARNING] You are trying to animate backgroundColor from "transparent" to "rgba(99, 102, 241, 0.15)". transparent is not an animatable value - to enable this animation set transparent to a value animatable to rgba(99, 102, 241, 0.15) via the `style` property. @ http://localhost:5173/node_modules/.vite/deps/framer-motion.js?v=0234295a:418
[ 1546956ms] [WARNING] You are trying to animate backgroundColor from "rgba(99, 102, 241, 0.15)" to "transparent". rgba(99, 102, 241, 0.15) is not an animatable value - to enable this animation set rgba(99, 102, 241, 0.15) to a value animatable to transparent via the `style` property. @ http://localhost:5173/node_modules/.vite/deps/framer-motion.js?v=0234295a:418
[ 1546957ms] [WARNING] You are trying to animate backgroundColor from "transparent" to "rgba(99, 102, 241, 0.15)". transparent is not an animatable value - to enable this animation set transparent to a value animatable to rgba(99, 102, 241, 0.15) via the `style` property. @ http://localhost:5173/node_modules/.vite/deps/framer-motion.js?v=0234295a:418
[ 1551018ms] [WARNING] You are trying to animate backgroundColor from "rgba(99, 102, 241, 0.15)" to "transparent". rgba(99, 102, 241, 0.15) is not an animatable value - to enable this animation set rgba(99, 102, 241, 0.15) to a value animatable to transparent via the `style` property. @ http://localhost:5173/node_modules/.vite/deps/framer-motion.js?v=0234295a:418
[ 1551018ms] [WARNING] You are trying to animate backgroundColor from "rgba(99, 102, 241, 0.15)" to "transparent". rgba(99, 102, 241, 0.15) is not an animatable value - to enable this animation set rgba(99, 102, 241, 0.15) to a value animatable to transparent via the `style` property. @ http://localhost:5173/node_modules/.vite/deps/framer-motion.js?v=0234295a:418
[ 1551019ms] [WARNING] You are trying to animate backgroundColor from "transparent" to "rgba(99, 102, 241, 0.15)". transparent is not an animatable value - to enable this animation set transparent to a value animatable to rgba(99, 102, 241, 0.15) via the `style` property. @ http://localhost:5173/node_modules/.vite/deps/framer-motion.js?v=0234295a:418
[ 1557113ms] [WARNING] You are trying to animate backgroundColor from "rgba(99, 102, 241, 0.15)" to "transparent". rgba(99, 102, 241, 0.15) is not an animatable value - to enable this animation set rgba(99, 102, 241, 0.15) to a value animatable to transparent via the `style` property. @ http://localhost:5173/node_modules/.vite/deps/framer-motion.js?v=0234295a:418
[ 1561176ms] [WARNING] You are trying to animate backgroundColor from "transparent" to "rgba(99, 102, 241, 0.15)". transparent is not an animatable value - to enable this animation set transparent to a value animatable to rgba(99, 102, 241, 0.15) via the `style` property. @ http://localhost:5173/node_modules/.vite/deps/framer-motion.js?v=0234295a:418
[ 1566254ms] [WARNING] You are trying to animate backgroundColor from "rgba(99, 102, 241, 0.15)" to "transparent". rgba(99, 102, 241, 0.15) is not an animatable value - to enable this animation set rgba(99, 102, 241, 0.15) to a value animatable to transparent via the `style` property. @ http://localhost:5173/node_modules/.vite/deps/framer-motion.js?v=0234295a:418
[ 1566255ms] [WARNING] You are trying to animate backgroundColor from "transparent" to "rgba(99, 102, 241, 0.15)". transparent is not an animatable value - to enable this animation set transparent to a value animatable to rgba(99, 102, 241, 0.15) via the `style` property. @ http://localhost:5173/node_modules/.vite/deps/framer-motion.js?v=0234295a:418
[ 1569301ms] [WARNING] You are trying to animate backgroundColor from "transparent" to "rgba(99, 102, 241, 0.15)". transparent is not an animatable value - to enable this animation set transparent to a value animatable to rgba(99, 102, 241, 0.15) via the `style` property. @ http://localhost:5173/node_modules/.vite/deps/framer-motion.js?v=0234295a:418
[ 1569302ms] [WARNING] You are trying to animate backgroundColor from "rgba(99, 102, 241, 0.15)" to "transparent". rgba(99, 102, 241, 0.15) is not an animatable value - to enable this animation set rgba(99, 102, 241, 0.15) to a value animatable to transparent via the `style` property. @ http://localhost:5173/node_modules/.vite/deps/framer-motion.js?v=0234295a:418
[ 1569306ms] [WARNING] You are trying to animate backgroundColor from "transparent" to "rgba(99, 102, 241, 0.15)". transparent is not an animatable value - to enable this animation set transparent to a value animatable to rgba(99, 102, 241, 0.15) via the `style` property. @ http://localhost:5173/node_modules/.vite/deps/framer-motion.js?v=0234295a:418
[ 1573367ms] [WARNING] You are trying to animate backgroundColor from "rgba(99, 102, 241, 0.15)" to "transparent". rgba(99, 102, 241, 0.15) is not an animatable value - to enable this animation set rgba(99, 102, 241, 0.15) to a value animatable to transparent via the `style` property. @ http://localhost:5173/node_modules/.vite/deps/framer-motion.js?v=0234295a:418
[ 1573369ms] [WARNING] You are trying to animate backgroundColor from "rgba(99, 102, 241, 0.15)" to "transparent". rgba(99, 102, 241, 0.15) is not an animatable value - to enable this animation set rgba(99, 102, 241, 0.15) to a value animatable to transparent via the `style` property. @ http://localhost:5173/node_modules/.vite/deps/framer-motion.js?v=0234295a:418
[ 1573374ms] [WARNING] You are trying to animate backgroundColor from "transparent" to "rgba(99, 102, 241, 0.15)". transparent is not an animatable value - to enable this animation set transparent to a value animatable to rgba(99, 102, 241, 0.15) via the `style` property. @ http://localhost:5173/node_modules/.vite/deps/framer-motion.js?v=0234295a:418
[ 1580474ms] [WARNING] You are trying to animate backgroundColor from "rgba(99, 102, 241, 0.15)" to "transparent". rgba(99, 102, 241, 0.15) is not an animatable value - to enable this animation set rgba(99, 102, 241, 0.15) to a value animatable to transparent via the `style` property. @ http://localhost:5173/node_modules/.vite/deps/framer-motion.js?v=0234295a:418
[ 1584539ms] [WARNING] You are trying to animate backgroundColor from "transparent" to "rgba(99, 102, 241, 0.15)". transparent is not an animatable value - to enable this animation set transparent to a value animatable to rgba(99, 102, 241, 0.15) via the `style` property. @ http://localhost:5173/node_modules/.vite/deps/framer-motion.js?v=0234295a:418
[ 1589614ms] [WARNING] You are trying to animate backgroundColor from "rgba(99, 102, 241, 0.15)" to "transparent". rgba(99, 102, 241, 0.15) is not an animatable value - to enable this animation set rgba(99, 102, 241, 0.15) to a value animatable to transparent via the `style` property. @ http://localhost:5173/node_modules/.vite/deps/framer-motion.js?v=0234295a:418
[ 1589615ms] [WARNING] You are trying to animate backgroundColor from "transparent" to "rgba(99, 102, 241, 0.15)". transparent is not an animatable value - to enable this animation set transparent to a value animatable to rgba(99, 102, 241, 0.15) via the `style` property. @ http://localhost:5173/node_modules/.vite/deps/framer-motion.js?v=0234295a:418
[ 1592662ms] [WARNING] You are trying to animate backgroundColor from "transparent" to "rgba(99, 102, 241, 0.15)". transparent is not an animatable value - to enable this animation set transparent to a value animatable to rgba(99, 102, 241, 0.15) via the `style` property. @ http://localhost:5173/node_modules/.vite/deps/framer-motion.js?v=0234295a:418
[ 1592664ms] [WARNING] You are trying to animate backgroundColor from "rgba(99, 102, 241, 0.15)" to "transparent". rgba(99, 102, 241, 0.15) is not an animatable value - to enable this animation set rgba(99, 102, 241, 0.15) to a value animatable to transparent via the `style` property. @ http://localhost:5173/node_modules/.vite/deps/framer-motion.js?v=0234295a:418
[ 1592664ms] [WARNING] You are trying to animate backgroundColor from "transparent" to "rgba(99, 102, 241, 0.15)". transparent is not an animatable value - to enable this animation set transparent to a value animatable to rgba(99, 102, 241, 0.15) via the `style` property. @ http://localhost:5173/node_modules/.vite/deps/framer-motion.js?v=0234295a:418
[ 1596726ms] [WARNING] You are trying to animate backgroundColor from "rgba(99, 102, 241, 0.15)" to "transparent". rgba(99, 102, 241, 0.15) is not an animatable value - to enable this animation set rgba(99, 102, 241, 0.15) to a value animatable to transparent via the `style` property. @ http://localhost:5173/node_modules/.vite/deps/framer-motion.js?v=0234295a:418
[ 1596729ms] [WARNING] You are trying to animate backgroundColor from "rgba(99, 102, 241, 0.15)" to "transparent". rgba(99, 102, 241, 0.15) is not an animatable value - to enable this animation set rgba(99, 102, 241, 0.15) to a value animatable to transparent via the `style` property. @ http://localhost:5173/node_modules/.vite/deps/framer-motion.js?v=0234295a:418
[ 1596730ms] [WARNING] You are trying to animate backgroundColor from "transparent" to "rgba(99, 102, 241, 0.15)". transparent is not an animatable value - to enable this animation set transparent to a value animatable to rgba(99, 102, 241, 0.15) via the `style` property. @ http://localhost:5173/node_modules/.vite/deps/framer-motion.js?v=0234295a:418
[ 1602819ms] [WARNING] You are trying to animate backgroundColor from "rgba(99, 102, 241, 0.15)" to "transparent". rgba(99, 102, 241, 0.15) is not an animatable value - to enable this animation set rgba(99, 102, 241, 0.15) to a value animatable to transparent via the `style` property. @ http://localhost:5173/node_modules/.vite/deps/framer-motion.js?v=0234295a:418
[ 1606883ms] [WARNING] You are trying to animate backgroundColor from "transparent" to "rgba(99, 102, 241, 0.15)". transparent is not an animatable value - to enable this animation set transparent to a value animatable to rgba(99, 102, 241, 0.15) via the `style` property. @ http://localhost:5173/node_modules/.vite/deps/framer-motion.js?v=0234295a:418
[ 1611960ms] [WARNING] You are trying to animate backgroundColor from "rgba(99, 102, 241, 0.15)" to "transparent". rgba(99, 102, 241, 0.15) is not an animatable value - to enable this animation set rgba(99, 102, 241, 0.15) to a value animatable to transparent via the `style` property. @ http://localhost:5173/node_modules/.vite/deps/framer-motion.js?v=0234295a:418
[ 1611961ms] [WARNING] You are trying to animate backgroundColor from "transparent" to "rgba(99, 102, 241, 0.15)". transparent is not an animatable value - to enable this animation set transparent to a value animatable to rgba(99, 102, 241, 0.15) via the `style` property. @ http://localhost:5173/node_modules/.vite/deps/framer-motion.js?v=0234295a:418
[ 1615021ms] [WARNING] You are trying to animate backgroundColor from "transparent" to "rgba(99, 102, 241, 0.15)". transparent is not an animatable value - to enable this animation set transparent to a value animatable to rgba(99, 102, 241, 0.15) via the `style` property. @ http://localhost:5173/node_modules/.vite/deps/framer-motion.js?v=0234295a:418
[ 1615023ms] [WARNING] You are trying to animate backgroundColor from "rgba(99, 102, 241, 0.15)" to "transparent". rgba(99, 102, 241, 0.15) is not an animatable value - to enable this animation set rgba(99, 102, 241, 0.15) to a value animatable to transparent via the `style` property. @ http://localhost:5173/node_modules/.vite/deps/framer-motion.js?v=0234295a:418
[ 1615024ms] [WARNING] You are trying to animate backgroundColor from "transparent" to "rgba(99, 102, 241, 0.15)". transparent is not an animatable value - to enable this animation set transparent to a value animatable to rgba(99, 102, 241, 0.15) via the `style` property. @ http://localhost:5173/node_modules/.vite/deps/framer-motion.js?v=0234295a:418
[ 1619072ms] [WARNING] You are trying to animate backgroundColor from "rgba(99, 102, 241, 0.15)" to "transparent". rgba(99, 102, 241, 0.15) is not an animatable value - to enable this animation set rgba(99, 102, 241, 0.15) to a value animatable to transparent via the `style` property. @ http://localhost:5173/node_modules/.vite/deps/framer-motion.js?v=0234295a:418
[ 1619072ms] [WARNING] You are trying to animate backgroundColor from "rgba(99, 102, 241, 0.15)" to "transparent". rgba(99, 102, 241, 0.15) is not an animatable value - to enable this animation set rgba(99, 102, 241, 0.15) to a value animatable to transparent via the `style` property. @ http://localhost:5173/node_modules/.vite/deps/framer-motion.js?v=0234295a:418
[ 1619077ms] [WARNING] You are trying to animate backgroundColor from "transparent" to "rgba(99, 102, 241, 0.15)". transparent is not an animatable value - to enable this animation set transparent to a value animatable to rgba(99, 102, 241, 0.15) via the `style` property. @ http://localhost:5173/node_modules/.vite/deps/framer-motion.js?v=0234295a:418
[ 1625166ms] [WARNING] You are trying to animate backgroundColor from "rgba(99, 102, 241, 0.15)" to "transparent". rgba(99, 102, 241, 0.15) is not an animatable value - to enable this animation set rgba(99, 102, 241, 0.15) to a value animatable to transparent via the `style` property. @ http://localhost:5173/node_modules/.vite/deps/framer-motion.js?v=0234295a:418
[ 1629229ms] [WARNING] You are trying to animate backgroundColor from "transparent" to "rgba(99, 102, 241, 0.15)". transparent is not an animatable value - to enable this animation set transparent to a value animatable to rgba(99, 102, 241, 0.15) via the `style` property. @ http://localhost:5173/node_modules/.vite/deps/framer-motion.js?v=0234295a:418
[ 1634287ms] [WARNING] You are trying to animate backgroundColor from "rgba(99, 102, 241, 0.15)" to "transparent". rgba(99, 102, 241, 0.15) is not an animatable value - to enable this animation set rgba(99, 102, 241, 0.15) to a value animatable to transparent via the `style` property. @ http://localhost:5173/node_modules/.vite/deps/framer-motion.js?v=0234295a:418
[ 1634288ms] [WARNING] You are trying to animate backgroundColor from "transparent" to "rgba(99, 102, 241, 0.15)". transparent is not an animatable value - to enable this animation set transparent to a value animatable to rgba(99, 102, 241, 0.15) via the `style` property. @ http://localhost:5173/node_modules/.vite/deps/framer-motion.js?v=0234295a:418
[ 1637309ms] [WARNING] You are trying to animate backgroundColor from "transparent" to "rgba(99, 102, 241, 0.15)". transparent is not an animatable value - to enable this animation set transparent to a value animatable to rgba(99, 102, 241, 0.15) via the `style` property. @ http://localhost:5173/node_modules/.vite/deps/framer-motion.js?v=0234295a:418
[ 1637310ms] [WARNING] You are trying to animate backgroundColor from "rgba(99, 102, 241, 0.15)" to "transparent". rgba(99, 102, 241, 0.15) is not an animatable value - to enable this animation set rgba(99, 102, 241, 0.15) to a value animatable to transparent via the `style` property. @ http://localhost:5173/node_modules/.vite/deps/framer-motion.js?v=0234295a:418
[ 1637320ms] [WARNING] You are trying to animate backgroundColor from "transparent" to "rgba(99, 102, 241, 0.15)". transparent is not an animatable value - to enable this animation set transparent to a value animatable to rgba(99, 102, 241, 0.15) via the `style` property. @ http://localhost:5173/node_modules/.vite/deps/framer-motion.js?v=0234295a:418
[ 1641350ms] [WARNING] You are trying to animate backgroundColor from "rgba(99, 102, 241, 0.15)" to "transparent". rgba(99, 102, 241, 0.15) is not an animatable value - to enable this animation set rgba(99, 102, 241, 0.15) to a value animatable to transparent via the `style` property. @ http://localhost:5173/node_modules/.vite/deps/framer-motion.js?v=0234295a:418
[ 1641350ms] [WARNING] You are trying to animate backgroundColor from "rgba(99, 102, 241, 0.15)" to "transparent". rgba(99, 102, 241, 0.15) is not an animatable value - to enable this animation set rgba(99, 102, 241, 0.15) to a value animatable to transparent via the `style` property. @ http://localhost:5173/node_modules/.vite/deps/framer-motion.js?v=0234295a:418
[ 1641351ms] [WARNING] You are trying to animate backgroundColor from "transparent" to "rgba(99, 102, 241, 0.15)". transparent is not an animatable value - to enable this animation set transparent to a value animatable to rgba(99, 102, 241, 0.15) via the `style` property. @ http://localhost:5173/node_modules/.vite/deps/framer-motion.js?v=0234295a:418
[ 1648409ms] [WARNING] You are trying to animate backgroundColor from "rgba(99, 102, 241, 0.15)" to "transparent". rgba(99, 102, 241, 0.15) is not an animatable value - to enable this animation set rgba(99, 102, 241, 0.15) to a value animatable to transparent via the `style` property. @ http://localhost:5173/node_modules/.vite/deps/framer-motion.js?v=0234295a:418
[ 1652444ms] [WARNING] You are trying to animate backgroundColor from "transparent" to "rgba(99, 102, 241, 0.15)". transparent is not an animatable value - to enable this animation set transparent to a value animatable to rgba(99, 102, 241, 0.15) via the `style` property. @ http://localhost:5173/node_modules/.vite/deps/framer-motion.js?v=0234295a:418
[ 1657487ms] [WARNING] You are trying to animate backgroundColor from "rgba(99, 102, 241, 0.15)" to "transparent". rgba(99, 102, 241, 0.15) is not an animatable value - to enable this animation set rgba(99, 102, 241, 0.15) to a value animatable to transparent via the `style` property. @ http://localhost:5173/node_modules/.vite/deps/framer-motion.js?v=0234295a:418
[ 1657488ms] [WARNING] You are trying to animate backgroundColor from "transparent" to "rgba(99, 102, 241, 0.15)". transparent is not an animatable value - to enable this animation set transparent to a value animatable to rgba(99, 102, 241, 0.15) via the `style` property. @ http://localhost:5173/node_modules/.vite/deps/framer-motion.js?v=0234295a:418
[ 1659625ms] [LOG] [vite] server connection lost. Polling for restart... @ http://localhost:5173/@vite/client:992
[ 1659881ms] [INFO] %cDownload the React DevTools for a better development experience: https://reactjs.org/link/react-devtools font-weight:bold @ http://localhost:5173/node_modules/.vite/deps/react-dom-DZQ9hRBr.js?v=0234295a:17230
[ 1659978ms] [WARNING] ⚠️ React Router Future Flag Warning: React Router will begin wrapping state updates in `React.startTransition` in v7. You can use the `v7_startTransition` future flag to opt-in early. For more information, see https://reactrouter.com/v6/upgrading/future#v7_starttransition. @ http://localhost:5173/node_modules/.vite/deps/react-router-dom.js?v=0234295a:3613
[ 1659978ms] [WARNING] ⚠️ React Router Future Flag Warning: Relative route resolution within Splat routes is changing in v7. You can use the `v7_relativeSplatPath` future flag to opt-in early. For more information, see https://reactrouter.com/v6/upgrading/future#v7_relativesplatpath. @ http://localhost:5173/node_modules/.vite/deps/react-router-dom.js?v=0234295a:3613
[ 1660755ms] [WARNING] You are trying to animate backgroundColor from "rgba(0, 0, 0, 0)" to "transparent". rgba(0, 0, 0, 0) is not an animatable value - to enable this animation set rgba(0, 0, 0, 0) to a value animatable to transparent via the `style` property. @ http://localhost:5173/node_modules/.vite/deps/framer-motion.js?v=0234295a:418
[ 1660758ms] [WARNING] You are trying to animate backgroundColor from "rgba(0, 0, 0, 0)" to "transparent". rgba(0, 0, 0, 0) is not an animatable value - to enable this animation set rgba(0, 0, 0, 0) to a value animatable to transparent via the `style` property. @ http://localhost:5173/node_modules/.vite/deps/framer-motion.js?v=0234295a:418
[ 1660759ms] [WARNING] You are trying to animate backgroundColor from "rgba(0, 0, 0, 0)" to "transparent". rgba(0, 0, 0, 0) is not an animatable value - to enable this animation set rgba(0, 0, 0, 0) to a value animatable to transparent via the `style` property. @ http://localhost:5173/node_modules/.vite/deps/framer-motion.js?v=0234295a:418
[ 1660765ms] [WARNING] You are trying to animate backgroundColor from "rgba(0, 0, 0, 0)" to "transparent". rgba(0, 0, 0, 0) is not an animatable value - to enable this animation set rgba(0, 0, 0, 0) to a value animatable to transparent via the `style` property. @ http://localhost:5173/node_modules/.vite/deps/framer-motion.js?v=0234295a:418
[ 1660770ms] [WARNING] Invalid keyframe value for property filter: blur(-0.11564px) @ http://localhost:5173/node_modules/.vite/deps/framer-motion.js?v=0234295a:4656
[ 1660770ms] [WARNING] Invalid keyframe value for property filter: blur(-0.28399px) @ http://localhost:5173/node_modules/.vite/deps/framer-motion.js?v=0234295a:4656
[ 1660773ms] [WARNING] Invalid keyframe value for property filter: blur(-0.42811px) @ http://localhost:5173/node_modules/.vite/deps/framer-motion.js?v=0234295a:4656
[ 1660773ms] [WARNING] Invalid keyframe value for property filter: blur(-0.54982px) @ http://localhost:5173/node_modules/.vite/deps/framer-motion.js?v=0234295a:4656
[ 1660786ms] [WARNING] Invalid keyframe value for property filter: blur(-0.65089px) @ http://localhost:5173/node_modules/.vite/deps/framer-motion.js?v=0234295a:4656
[ 1660786ms] [WARNING] Invalid keyframe value for property filter: blur(-0.73308px) @ http://localhost:5173/node_modules/.vite/deps/framer-motion.js?v=0234295a:4656
[ 1660786ms] [WARNING] Invalid keyframe value for property filter: blur(-0.79806px) @ http://localhost:5173/node_modules/.vite/deps/framer-motion.js?v=0234295a:4656
[ 1660787ms] [WARNING] Invalid keyframe value for property filter: blur(-0.84747px) @ http://localhost:5173/node_modules/.vite/deps/framer-motion.js?v=0234295a:4656
[ 1660788ms] [WARNING] Invalid keyframe value for property filter: blur(-0.88286px) @ http://localhost:5173/node_modules/.vite/deps/framer-motion.js?v=0234295a:4656
[ 1660788ms] [WARNING] Invalid keyframe value for property filter: blur(-0.90572px) @ http://localhost:5173/node_modules/.vite/deps/framer-motion.js?v=0234295a:4656
[ 1660789ms] [WARNING] Invalid keyframe value for property filter: blur(-0.91745px) @ http://localhost:5173/node_modules/.vite/deps/framer-motion.js?v=0234295a:4656
[ 1660789ms] [WARNING] Invalid keyframe value for property filter: blur(-0.91938px) @ http://localhost:5173/node_modules/.vite/deps/framer-motion.js?v=0234295a:4656
[ 1660790ms] [WARNING] Invalid keyframe value for property filter: blur(-0.91276px) @ http://localhost:5173/node_modules/.vite/deps/framer-motion.js?v=0234295a:4656
[ 1660794ms] [WARNING] Invalid keyframe value for property filter: blur(-0.89873px) @ http://localhost:5173/node_modules/.vite/deps/framer-motion.js?v=0234295a:4656
[ 1660794ms] [WARNING] Invalid keyframe value for property filter: blur(-0.87839px) @ http://localhost:5173/node_modules/.vite/deps/framer-motion.js?v=0234295a:4656
[ 1660794ms] [WARNING] Invalid keyframe value for property filter: blur(-0.85273px) @ http://localhost:5173/node_modules/.vite/deps/framer-motion.js?v=0234295a:4656
[ 1660795ms] [WARNING] Invalid keyframe value for property filter: blur(-0.82267px) @ http://localhost:5173/node_modules/.vite/deps/framer-motion.js?v=0234295a:4656
[ 1660796ms] [WARNING] Invalid keyframe value for property filter: blur(-0.78904px) @ http://localhost:5173/node_modules/.vite/deps/framer-motion.js?v=0234295a:4656
[ 1660796ms] [WARNING] Invalid keyframe value for property filter: blur(-0.7526px) @ http://localhost:5173/node_modules/.vite/deps/framer-motion.js?v=0234295a:4656
[ 1660799ms] [WARNING] Invalid keyframe value for property filter: blur(-0.71406px) @ http://localhost:5173/node_modules/.vite/deps/framer-motion.js?v=0234295a:4656
[ 1660800ms] [WARNING] Invalid keyframe value for property filter: blur(-0.67402px) @ http://localhost:5173/node_modules/.vite/deps/framer-motion.js?v=0234295a:4656
[ 1660801ms] [WARNING] Invalid keyframe value for property filter: blur(-0.63304px) @ http://localhost:5173/node_modules/.vite/deps/framer-motion.js?v=0234295a:4656
[ 1660801ms] [WARNING] Invalid keyframe value for property filter: blur(-0.59161px) @ http://localhost:5173/node_modules/.vite/deps/framer-motion.js?v=0234295a:4656
[ 1660801ms] [WARNING] Invalid keyframe value for property filter: blur(-0.55017px) @ http://localhost:5173/node_modules/.vite/deps/framer-motion.js?v=0234295a:4656
[ 1660801ms] [WARNING] Invalid keyframe value for property filter: blur(-0.50909px) @ http://localhost:5173/node_modules/.vite/deps/framer-motion.js?v=0234295a:4656
[ 1660801ms] [WARNING] Invalid keyframe value for property filter: blur(-0.4687px) @ http://localhost:5173/node_modules/.vite/deps/framer-motion.js?v=0234295a:4656
[ 1660801ms] [WARNING] Invalid keyframe value for property filter: blur(-0.42927px) @ http://localhost:5173/node_modules/.vite/deps/framer-motion.js?v=0234295a:4656
[ 1660804ms] [WARNING] Invalid keyframe value for property filter: blur(-0.39103px) @ http://localhost:5173/node_modules/.vite/deps/framer-motion.js?v=0234295a:4656
[ 1660805ms] [WARNING] Invalid keyframe value for property filter: blur(-0.35418px) @ http://localhost:5173/node_modules/.vite/deps/framer-motion.js?v=0234295a:4656
[ 1660805ms] [WARNING] Invalid keyframe value for property filter: blur(-0.31887px) @ http://localhost:5173/node_modules/.vite/deps/framer-motion.js?v=0234295a:4656
[ 1660805ms] [WARNING] Invalid keyframe value for property filter: blur(-0.28522px) @ http://localhost:5173/node_modules/.vite/deps/framer-motion.js?v=0234295a:4656
[ 1660806ms] [WARNING] Invalid keyframe value for property filter: blur(-0.25333px) @ http://localhost:5173/node_modules/.vite/deps/framer-motion.js?v=0234295a:4656
[ 1660806ms] [WARNING] Invalid keyframe value for property filter: blur(-0.22325px) @ http://localhost:5173/node_modules/.vite/deps/framer-motion.js?v=0234295a:4656
[ 1660806ms] [WARNING] Invalid keyframe value for property filter: blur(-0.19502px) @ http://localhost:5173/node_modules/.vite/deps/framer-motion.js?v=0234295a:4656
[ 1660806ms] [WARNING] Invalid keyframe value for property filter: blur(-0.16867px) @ http://localhost:5173/node_modules/.vite/deps/framer-motion.js?v=0234295a:4656
[ 1660806ms] [WARNING] Invalid keyframe value for property filter: blur(-0.14418px) @ http://localhost:5173/node_modules/.vite/deps/framer-motion.js?v=0234295a:4656
[ 1660806ms] [WARNING] Invalid keyframe value for property filter: blur(-0.12154px) @ http://localhost:5173/node_modules/.vite/deps/framer-motion.js?v=0234295a:4656
[ 1660806ms] [WARNING] Invalid keyframe value for property filter: blur(-0.10071px) @ http://localhost:5173/node_modules/.vite/deps/framer-motion.js?v=0234295a:4656
[ 1660806ms] [WARNING] Invalid keyframe value for property filter: blur(-0.08166px) @ http://localhost:5173/node_modules/.vite/deps/framer-motion.js?v=0234295a:4656
[ 1660806ms] [WARNING] Invalid keyframe value for property filter: blur(-0.06432px) @ http://localhost:5173/node_modules/.vite/deps/framer-motion.js?v=0234295a:4656
[ 1660806ms] [WARNING] Invalid keyframe value for property filter: blur(-0.04862px) @ http://localhost:5173/node_modules/.vite/deps/framer-motion.js?v=0234295a:4656
[ 1660824ms] [WARNING] Invalid keyframe value for property filter: blur(-0.03451px) @ http://localhost:5173/node_modules/.vite/deps/framer-motion.js?v=0234295a:4656
[ 1660825ms] [WARNING] Invalid keyframe value for property filter: blur(-0.02191px) @ http://localhost:5173/node_modules/.vite/deps/framer-motion.js?v=0234295a:4656
[ 1660825ms] [WARNING] Invalid keyframe value for property filter: blur(-0.01072px) @ http://localhost:5173/node_modules/.vite/deps/framer-motion.js?v=0234295a:4656
[ 1660825ms] [WARNING] Invalid keyframe value for property filter: blur(-0.00088px) @ http://localhost:5173/node_modules/.vite/deps/framer-motion.js?v=0234295a:4656
[ 1665071ms] [WARNING] You are trying to animate backgroundColor from "rgba(99, 102, 241, 0.15)" to "transparent". rgba(99, 102, 241, 0.15) is not an animatable value - to enable this animation set rgba(99, 102, 241, 0.15) to a value animatable to transparent via the `style` property. @ http://localhost:5173/node_modules/.vite/deps/framer-motion.js?v=0234295a:418
[ 1665072ms] [WARNING] You are trying to animate backgroundColor from "transparent" to "rgba(99, 102, 241, 0.15)". transparent is not an animatable value - to enable this animation set transparent to a value animatable to rgba(99, 102, 241, 0.15) via the `style` property. @ http://localhost:5173/node_modules/.vite/deps/framer-motion.js?v=0234295a:418
